go-previous-symbolic	<svg xmlns="http://www.w3.org/2000/svg" xmlns:xlink="http://www.w3.org/1999/xlink" width="24" height="24"><path d="M15.601041 5.6010408L8.6010408 12.601041L8 12L8.6010408 11.398959L15.601041 18.39896Q15.660237 18.458157 15.706747 18.527765Q15.753258 18.597372 15.785295 18.674717Q15.817333 18.75206 15.833666 18.834171Q15.849999 18.916279 15.849999 18.999998Q15.849999 19.083715 15.833667 19.165825Q15.817333 19.247932 15.785296 19.325279Q15.753259 19.402624 15.706748 19.472233Q15.660237 19.541842 15.601041 19.60104Q15.541843 19.660236 15.472234 19.706747Q15.402624 19.753258 15.325279 19.785294Q15.247934 19.817329 15.165826 19.833664Q15.083717 19.849995 15 19.849997Q14.916282 19.849995 14.834172 19.833664Q14.752064 19.817329 14.674718 19.785294Q14.597372 19.753258 14.527763 19.706747Q14.458156 19.660236 14.398959 19.60104L7.3989592 12.601041Q7.3397613 12.541843 7.2932496 12.472234Q7.2467384 12.402625 7.2147012 12.32528Q7.1826639 12.247934 7.1663313 12.165826Q7.1499987 12.083716 7.1499991 11.999999Q7.1499987 11.916281 7.1663313 11.834172Q7.1826639 11.752063 7.2147017 11.674718Q7.2467384 11.597373 7.2932501 11.527765Q7.3397613 11.458157 7.3989592 11.398959L14.398959 4.3989592Q14.458156 4.3397617 14.527763 4.2932501Q14.597372 4.2467394 14.674717 4.2147017Q14.752062 4.1826644 14.834171 4.1663322Q14.916281 4.1499996 14.999999 4.1499996Q15.083716 4.1499996 15.165825 4.1663322Q15.247934 4.1826644 15.325279 4.2147017Q15.402624 4.2467394 15.472234 4.2932501Q15.541843 4.3397617 15.601041 4.3989592Q15.660237 4.4581566 15.706747 4.5277653Q15.753258 4.597374 15.785295 4.6747189Q15.817333 4.7520638 15.833666 4.8341732Q15.849999 4.9162822 15.849999 5Q15.849999 5.0837173 15.833667 5.1658263Q15.817333 5.2479353 15.785296 5.3252802Q15.753259 5.4026251 15.706748 5.4722342Q15.660237 5.5418434 15.601041 5.6010408Z"/></svg>
go-next-symbolic	<svg xmlns="http://www.w3.org/2000/svg" xmlns:xlink="http://www.w3.org/1999/xlink" width="24" height="24"><path d="M9.6010408 4.3989592L16.60104 11.398959Q16.660236 11.458157 16.706747 11.527764Q16.753258 11.597373 16.785295 11.674718Q16.817333 11.752063 16.833666 11.834172Q16.849998 11.916282 16.849998 12Q16.849998 12.083717 16.833666 12.165827Q16.817333 12.247935 16.785295 12.32528Q16.753258 12.402625 16.706747 12.472234Q16.660236 12.541843 16.60104 12.601041L9.6010408 19.60104Q9.5418434 19.660236 9.4722338 19.706747Q9.4026251 19.753258 9.3252802 19.785294Q9.2479343 19.817329 9.1658268 19.833664Q9.0837173 19.849995 9 19.849997Q8.9162827 19.849995 8.8341732 19.833664Q8.7520638 19.817329 8.6747189 19.785294Q8.597374 19.753258 8.5277653 19.706747Q8.4581566 19.660236 8.3989592 19.60104Q8.3397617 19.541842 8.2932501 19.472233Q8.2467384 19.402624 8.2147017 19.325279Q8.1826649 19.247932 8.1663322 19.165825Q8.1499996 19.083717 8.1499996 19Q8.1499996 18.916283 8.1663322 18.834171Q8.1826649 18.752062 8.2147017 18.674717Q8.2467384 18.597372 8.2932501 18.527763Q8.3397617 18.458157 8.3989592 18.39896L15.398959 11.398959L16 12L15.398959 12.601041L8.3989592 5.6010408Q8.3397617 5.5418434 8.2932501 5.4722342Q8.2467384 5.4026251 8.2147017 5.3252802Q8.1826649 5.2479353 8.1663322 5.1658268Q8.1499996 5.0837173 8.1499996 5Q8.1499996 4.9162822 8.1663322 4.8341732Q8.1826649 4.7520638 8.2147017 4.6747189Q8.2467384 4.597374 8.2932501 4.5277653Q8.3397617 4.4581566 8.3989592 4.3989592Q8.4581566 4.3397617 8.5277653 4.2932501Q8.597374 4.2467394 8.6747189 4.2147017Q8.7520638 4.1826644 8.8341732 4.1663322Q8.9162827 4.1499996 9 4.1499996Q9.0837173 4.1499996 9.1658258 4.1663322Q9.2479343 4.1826644 9.3252802 4.2147017Q9.4026251 4.2467394 9.4722338 4.2932501Q9.5418434 4.3397617 9.6010408 4.3989592Z"/></svg>
go-up-symbolic	<svg xmlns="http://www.w3.org/2000/svg" xmlns:xlink="http://www.w3.org/1999/xlink" width="24" height="24"><path d="M4.3989592 13.398959L11.398959 6.3989592Q11.458157 6.3397617 11.527764 6.2932506Q11.597373 6.2467394 11.674718 6.2147017Q11.752063 6.1826644 11.834172 6.1663318Q11.916282 6.1499996 12 6.1499996Q12.083717 6.1499996 12.165827 6.1663322Q12.247935 6.1826644 12.32528 6.2147017Q12.402625 6.2467394 12.472234 6.2932506Q12.541843 6.3397617 12.601041 6.3989592L19.60104 13.398959Q19.660236 13.458157 19.706747 13.527764Q19.753258 13.597373 19.785294 13.674718Q19.817329 13.752063 19.833664 13.834172Q19.849995 13.916281 19.849997 13.999999Q19.849995 14.083715 19.833664 14.165825Q19.817329 14.247934 19.785294 14.325279Q19.753258 14.402624 19.706747 14.472234Q19.660236 14.541843 19.60104 14.601041Q19.541842 14.660237 19.472233 14.706747Q19.402624 14.753258 19.325279 14.785295Q19.247932 14.817333 19.165825 14.833667Q19.083717 14.849998 19 14.849999Q18.916283 14.849998 18.834171 14.833666Q18.752062 14.817333 18.674717 14.785295Q18.597372 14.753258 18.527763 14.706748Q18.458157 14.660237 18.39896 14.601041L11.398959 7.6010408L12 7L12.601041 7.6010408L5.6010408 14.601041Q5.5418434 14.660237 5.4722342 14.706747Q5.4026251 14.753258 5.3252802 14.785295Q5.2479353 14.817333 5.1658268 14.833667Q5.0837173 14.849998 5 14.849999Q4.9162822 14.849998 4.8341732 14.833666Q4.7520638 14.817333 4.6747189 14.785295Q4.597374 14.753258 4.5277653 14.706748Q4.4581566 14.660237 4.3989592 14.601041Q4.3397617 14.541843 4.2932501 14.472234Q4.2467394 14.402624 4.2147017 14.325279Q4.1826639 14.247934 4.1663318 14.165825Q4.1499996 14.083715 4.1499996 13.999999Q4.1499996 13.916281 4.1663318 13.834171Q4.1826639 13.752063 4.2147017 13.674718Q4.2467394 13.597373 4.2932501 13.527765Q4.3397617 13.458157 4.3989592 13.398959Z"/></svg>
view-refresh-symbolic	<svg xmlns="http://www.w3.org/2000/svg" xmlns:xlink="http://www.w3.org/1999/xlink" width="24" height="24"><path d="M18.298302 8.4797068Q15.095118 3.794198 9.8050365 5.8507614Q4.5149617 7.9073257 5.3176379 13.526051Q6.1203122 19.144779 11.774624 19.637857Q17.428936 20.130938 19.192051 14.735957Q19.218056 14.65638 19.259087 14.583406Q19.300117 14.510433 19.354595 14.446866Q19.409073 14.383299 19.474907 14.331583Q19.540739 14.279865 19.615398 14.241986Q19.690056 14.204105 19.770668 14.181519Q19.851284 14.158932 19.934753 14.152506Q20.018225 14.14608 20.101345 14.156061Q20.184467 14.166044 20.264044 14.192051Q20.343616 14.218057 20.416592 14.259087Q20.489563 14.300117 20.553131 14.354595Q20.616697 14.409074 20.668415 14.474907Q20.720131 14.540741 20.758013 14.615399Q20.795891 14.690056 20.818478 14.770669Q20.841064 14.851282 20.847492 14.934753Q20.853918 15.018225 20.843937 15.101346Q20.833954 15.184466 20.807949 15.264043Q19.849434 18.197014 17.275164 19.898254Q14.700895 21.599493 11.626938 21.33143Q8.5529804 21.06337 6.3120379 18.942225Q4.0710959 16.821079 3.6347239 13.766468Q3.1983504 10.711856 4.755734 8.0480938Q6.313117 5.3843327 9.1890583 4.266284Q12.065001 3.1482375 15.012647 4.0606308Q17.960293 4.9730244 19.701698 7.5202932Q19.748943 7.5894041 19.781799 7.6664047Q19.814655 7.7434053 19.83186 7.8253365Q19.84906 7.9072676 19.849949 7.9909806Q19.850838 8.0746937 19.835379 8.1569719Q19.819918 8.2392502 19.788702 8.3169308Q19.757488 8.3946114 19.711718 8.4647093Q19.665947 8.5348072 19.607384 8.5946302Q19.548817 8.6544523 19.479708 8.7016993Q19.410595 8.7489462 19.333595 8.7818022Q19.256594 8.8146572 19.174662 8.8318605Q19.092731 8.8490629 19.009018 8.8499508Q18.925304 8.8508396 18.843027 8.8353796Q18.76075 8.8199186 18.683067 8.7887039Q18.605389 8.7574883 18.53529 8.7117195Q18.465191 8.6659489 18.405369 8.6073837Q18.345547 8.5488176 18.298302 8.4797068ZM19.85 3L19.85 8Q19.849998 8.0837173 19.833666 8.1658268Q19.817333 8.2479353 19.785294 8.3252802Q19.753258 8.4026251 19.706747 8.4722338Q19.660236 8.5418434 19.60104 8.6010408Q19.541842 8.6602383 19.472233 8.706749Q19.402624 8.7532597 19.325279 8.7852974Q19.247934 8.8173351 19.165825 8.8336678Q19.083717 8.8500004 19 8.8500004L14 8.8500004Q13.916281 8.8500004 13.834172 8.8336678Q13.752062 8.8173351 13.674717 8.7852974Q13.597372 8.7532597 13.527763 8.706749Q13.458155 8.6602383 13.398958 8.6010408Q13.339761 8.5418434 13.29325 8.4722338Q13.246738 8.4026251 13.214701 8.3252802Q13.182664 8.2479353 13.166331 8.1658268Q13.15 8.0837173 13.15 8Q13.15 7.9162817 13.166332 7.8341727Q13.182664 7.7520633 13.214701 7.6747179Q13.246738 7.597373 13.293249 7.5277643Q13.339761 7.4581556 13.398958 7.3989587Q13.458155 7.3397613 13.527763 7.2932506Q13.597372 7.2467394 13.674717 7.2147021Q13.752062 7.1826649 13.834172 7.1663322Q13.916281 7.1500001 14 7.1500001L19 7.1500001L19 8L18.15 8L18.15 3Q18.149998 2.9162822 18.16633 2.8341732Q18.182663 2.7520638 18.214699 2.6747189Q18.246735 2.5973737 18.293247 2.527765Q18.339758 2.4581563 18.398956 2.3989592Q18.458153 2.3397617 18.527761 2.2932508Q18.59737 2.2467399 18.674717 2.2147024Q18.75206 2.1826651 18.834171 2.1663327Q18.916281 2.1500001 19 2.1500001Q19.083717 2.1500001 19.165825 2.1663325Q19.247934 2.1826651 19.325279 2.2147024Q19.402624 2.2467399 19.472233 2.2932506Q19.541842 2.3397617 19.60104 2.3989592Q19.660236 2.4581563 19.706747 2.527765Q19.753258 2.5973737 19.785295 2.6747189Q19.817333 2.7520638 19.833666 2.834173Q19.849998 2.9162822 19.85 3Z"/></svg>
user-home-symbolic	<svg xmlns="http://www.w3.org/2000/svg" xmlns:xlink="http://www.w3.org/1999/xlink" width="24" height="24"><path d="M2.4352908 10.364702L11.43529 2.364702Q11.493155 2.3132679 11.559358 2.2731338Q11.625561 2.2329998 11.697926 2.2054863Q11.770291 2.1779733 11.846437 2.1639867Q11.922582 2.1500001 12 2.1499999Q12.077419 2.1500001 12.153564 2.1639867Q12.22971 2.1779733 12.302073 2.2054863Q12.374439 2.2329998 12.440643 2.2731338Q12.506847 2.3132679 12.56471 2.364702L21.564709 10.364702Q21.627277 10.420321 21.677795 10.487078Q21.728313 10.553835 21.764837 10.629166Q21.801361 10.704495 21.822487 10.785504Q21.843616 10.866512 21.848532 10.950087Q21.853447 11.03366 21.841965 11.116586Q21.830482 11.199512 21.80304 11.278605Q21.7756 11.357697 21.733257 11.429918Q21.690914 11.502138 21.635298 11.56471Q21.579678 11.62728 21.51292 11.677799Q21.446161 11.728316 21.370831 11.76484Q21.295498 11.801365 21.214491 11.822491Q21.133484 11.843616 21.049911 11.848533Q20.966337 11.853449 20.883411 11.841966Q20.800484 11.830482 20.721392 11.803042Q20.6423 11.775602 20.57008 11.733259Q20.49786 11.690916 20.435291 11.635298L11.43529 3.635298L12 3L12.56471 3.635298L3.5647092 11.635298Q3.5021377 11.690916 3.4299178 11.733259Q3.357698 11.775602 3.278605 11.803042Q3.1995122 11.830482 3.1165857 11.841966Q3.0336595 11.853449 2.9500861 11.848533Q2.8665128 11.843616 2.7855048 11.822491Q2.7044964 11.801365 2.6291661 11.764841Q2.5538359 11.728317 2.4870784 11.677799Q2.420321 11.62728 2.364702 11.56471Q2.309083 11.502138 2.2667398 11.429917Q2.2243965 11.357697 2.1969562 11.278605Q2.1695161 11.199512 2.1580334 11.116586Q2.1465507 11.03366 2.1514666 10.950087Q2.1563826 10.866512 2.1775086 10.785504Q2.1986346 10.704494 2.2351584 10.629165Q2.2716823 10.553835 2.3222008 10.487078Q2.3727193 10.420321 2.4352908 10.364702ZM6.8499999 9L6.8499999 20L6 20L6 19.15L10 19.15L10 20L9.1499996 20L9.1499996 14Q9.1499996 13.916281 9.1663322 13.834172Q9.1826639 13.752062 9.2147007 13.674717Q9.2467384 13.597372 9.2932491 13.527763Q9.3397608 13.458155 9.3989582 13.398958Q9.4581556 13.339761 9.5277643 13.29325Q9.597373 13.246738 9.6747179 13.214701Q9.7520628 13.182664 9.8341722 13.166331Q9.9162817 13.15 10 13.15L14 13.15Q14.083717 13.15 14.165827 13.166332Q14.247935 13.182664 14.32528 13.214701Q14.402625 13.246738 14.472233 13.293249Q14.541842 13.339761 14.60104 13.398958Q14.660236 13.458155 14.706748 13.527763Q14.753258 13.597372 14.785296 13.674717Q14.817333 13.752062 14.833667 13.834172Q14.849999 13.916281 14.85 14L14.85 20L14 20L14 19.15L18 19.15L18 20L17.15 20L17.15 9Q17.149998 8.9162817 17.16633 8.8341722Q17.182663 8.7520628 17.214701 8.6747179Q17.246738 8.597373 17.293251 8.5277643Q17.33976 8.4581556 17.398958 8.3989582Q17.458157 8.3397608 17.527763 8.2932501Q17.597372 8.2467384 17.674717 8.2147017Q17.752062 8.1826649 17.834171 8.1663322Q17.916283 8.1499996 18 8.1499996Q18.083717 8.1499996 18.165825 8.1663322Q18.247934 8.1826639 18.325279 8.2147007Q18.402622 8.2467384 18.472233 8.2932491Q18.541842 8.3397608 18.60104 8.3989582Q18.660236 8.4581556 18.706747 8.5277643Q18.753258 8.597373 18.785295 8.6747179Q18.817333 8.7520628 18.833668 8.8341722Q18.849998 8.9162817 18.85 9L18.85 20Q18.849998 20.083717 18.833666 20.165827Q18.817333 20.247936 18.785294 20.325279Q18.753258 20.402624 18.706747 20.472233Q18.660236 20.541842 18.60104 20.60104Q18.541842 20.660236 18.472233 20.706747Q18.402622 20.753258 18.325279 20.785295Q18.247934 20.817333 18.165825 20.833666Q18.083717 20.849998 18 20.85L14 20.85Q13.916281 20.849998 13.834172 20.833666Q13.752062 20.817333 13.674717 20.785294Q13.597372 20.753258 13.527763 20.706747Q13.458155 20.660236 13.398958 20.60104Q13.339761 20.541842 13.29325 20.472233Q13.246738 20.402624 13.214701 20.325279Q13.182664 20.247936 13.166331 20.165827Q13.15 20.083717 13.15 20L13.15 14L14 14L14 14.85L10 14.85L10 14L10.85 14L10.85 20Q10.85 20.083717 10.833667 20.165827Q10.817334 20.247936 10.785296 20.325279Q10.75326 20.402624 10.706748 20.472233Q10.660237 20.541842 10.60104 20.60104Q10.541842 20.660236 10.472234 20.706747Q10.402625 20.753258 10.32528 20.785295Q10.247935 20.817333 10.165827 20.833666Q10.083717 20.849998 10 20.85L6 20.85Q5.9162822 20.849998 5.8341732 20.833666Q5.7520638 20.817333 5.6747189 20.785294Q5.597374 20.753258 5.5277653 20.706747Q5.4581566 20.660236 5.3989592 20.60104Q5.3397617 20.541842 5.2932501 20.472233Q5.2467389 20.402624 5.2147017 20.325279Q5.1826644 20.247936 5.1663322 20.165827Q5.1499996 20.083717 5.1500001 20L5.1500001 9Q5.1499996 8.9162817 5.1663322 8.8341722Q5.1826644 8.7520628 5.2147017 8.6747179Q5.2467389 8.597373 5.2932501 8.5277643Q5.3397617 8.4581556 5.3989592 8.3989582Q5.4581566 8.3397608 5.5277653 8.2932501Q5.597374 8.2467384 5.6747189 8.2147017Q5.7520638 8.1826649 5.8341727 8.1663322Q5.9162822 8.1499996 6 8.1499996Q6.0837173 8.1499996 6.1658263 8.1663322Q6.2479353 8.1826639 6.3252802 8.2147007Q6.4026251 8.2467384 6.4722338 8.2932491Q6.5418425 8.3397608 6.6010399 8.3989582Q6.6602373 8.4581556 6.7067485 8.5277643Q6.7532597 8.597373 6.7852969 8.6747179Q6.8173342 8.7520628 6.8336673 8.8341722Q6.8499994 8.9162817 6.8499999 9Z"/></svg>
user-desktop-symbolic	<svg xmlns="http://www.w3.org/2000/svg" xmlns:xlink="http://www.w3.org/1999/xlink" width="24" height="24"><path d="M4 3.1500001L20 3.1500001Q21.85 3.1500001 21.85 5L21.85 16Q21.849998 16.083717 21.833666 16.165825Q21.817333 16.247934 21.785294 16.325279Q21.753258 16.402624 21.706745 16.472233Q21.660236 16.541843 21.60104 16.60104Q21.541842 16.660236 21.472233 16.706749Q21.402624 16.75326 21.325279 16.785297Q21.247936 16.817333 21.165827 16.833668Q21.083717 16.849998 21 16.85L3 16.85Q2.9162822 16.849998 2.8341732 16.833668Q2.7520638 16.817333 2.6747189 16.785297Q2.5973737 16.75326 2.527765 16.706749Q2.4581563 16.660236 2.3989592 16.60104Q2.3397617 16.541843 2.2932506 16.472233Q2.2467396 16.402624 2.2147021 16.325279Q2.1826649 16.247934 2.1663325 16.165825Q2.1500001 16.083717 2.1500001 16L2.1500001 5Q2.1500001 3.1500001 4 3.1500001ZM4 4.8499999Q3.8499999 4.8499999 3.8499999 5L3.8499999 16L3 16L3 15.15L21 15.15L21 16L20.15 16L20.15 5Q20.15 4.8499999 20 4.8499999L4 4.8499999ZM8 20.15L16 20.15Q16.083717 20.15 16.165825 20.166332Q16.247934 20.182663 16.325279 20.214701Q16.402624 20.246737 16.472233 20.293247Q16.541843 20.33976 16.60104 20.398956Q16.660236 20.458153 16.706749 20.527761Q16.75326 20.59737 16.785297 20.674717Q16.817333 20.752062 16.833668 20.834171Q16.849998 20.916281 16.85 21Q16.849998 21.083717 16.833668 21.165825Q16.817333 21.247936 16.785297 21.325279Q16.75326 21.402624 16.706749 21.472233Q16.660236 21.541842 16.60104 21.60104Q16.541843 21.660236 16.472233 21.706749Q16.402624 21.753258 16.325279 21.785295Q16.247934 21.817333 16.165825 21.833666Q16.083717 21.849998 16 21.85L8 21.85Q7.9162817 21.849998 7.8341727 21.833666Q7.7520633 21.817333 7.6747179 21.785294Q7.597373 21.753258 7.5277643 21.706745Q7.4581556 21.660236 7.3989587 21.60104Q7.3397608 21.541842 7.2932501 21.472233Q7.2467384 21.402624 7.2147017 21.325279Q7.1826644 21.247936 7.1663318 21.165827Q7.1499996 21.083717 7.1500001 21Q7.1499996 20.916281 7.1663322 20.834171Q7.1826644 20.752062 7.2147017 20.674717Q7.2467384 20.59737 7.2932496 20.527763Q7.3397608 20.458155 7.3989582 20.398958Q7.4581556 20.33976 7.5277638 20.293249Q7.597373 20.246738 7.6747179 20.214701Q7.7520633 20.182663 7.8341727 20.166332Q7.9162817 20.15 8 20.15ZM12.85 16L12.85 21Q12.85 21.083717 12.833668 21.165825Q12.817335 21.247936 12.785297 21.325279Q12.75326 21.402624 12.706749 21.472233Q12.660237 21.541842 12.60104 21.60104Q12.541842 21.660236 12.472233 21.706749Q12.402624 21.753258 12.325279 21.785295Q12.247934 21.817333 12.165826 21.833666Q12.083717 21.849998 12 21.85Q11.916282 21.849998 11.834172 21.833666Q11.752062 21.817333 11.674717 21.785294Q11.597372 21.753258 11.527764 21.706745Q11.458156 21.660236 11.398958 21.60104Q11.33976 21.541842 11.293249 21.472233Q11.246737 21.402624 11.2147 21.325279Q11.182663 21.247936 11.16633 21.165827Q11.149999 21.083717 11.15 21L11.15 16Q11.149999 15.916282 11.166331 15.834172Q11.182663 15.752062 11.214701 15.674717Q11.246738 15.597372 11.293249 15.527763Q11.33976 15.458155 11.398958 15.398958Q11.458156 15.339761 11.527764 15.293249Q11.597373 15.246738 11.674718 15.214701Q11.752063 15.182664 11.834172 15.166331Q11.916282 15.15 12 15.15Q12.083717 15.15 12.165827 15.166332Q12.247935 15.182664 12.32528 15.214701Q12.402625 15.246738 12.472234 15.29325Q12.541842 15.339761 12.60104 15.398958Q12.660237 15.458155 12.706748 15.527763Q12.75326 15.597372 12.785297 15.674717Q12.817335 15.752062 12.833668 15.834172Q12.85 15.916282 12.85 16Z"/></svg>
folder-documents-symbolic	<svg xmlns="http://www.w3.org/2000/svg" xmlns:xlink="http://www.w3.org/1999/xlink" width="24" height="24"><path d="M6 2.1500001L14 2.1500001Q14.169075 2.1500001 14.32528 2.2147024Q14.481485 2.2794046 14.601041 2.3989592L18.60104 6.3989592Q18.720592 6.5185137 18.785295 6.6747189Q18.849998 6.830924 18.85 7L18.85 21Q18.849998 21.083717 18.833666 21.165825Q18.817333 21.247936 18.785294 21.325279Q18.753258 21.402624 18.706747 21.472233Q18.660236 21.541842 18.60104 21.60104Q18.541842 21.660236 18.472233 21.706749Q18.402622 21.753258 18.325279 21.785295Q18.247934 21.817333 18.165825 21.833666Q18.083717 21.849998 18 21.85L6 21.85Q5.9162822 21.849998 5.8341732 21.833666Q5.7520638 21.817333 5.6747189 21.785294Q5.597374 21.753258 5.5277653 21.706745Q5.4581566 21.660236 5.3989592 21.60104Q5.3397617 21.541842 5.2932501 21.472233Q5.2467389 21.402624 5.2147017 21.325279Q5.1826644 21.247936 5.1663322 21.165827Q5.1499996 21.083717 5.1500001 21L5.1500001 3Q5.1499996 2.9162822 5.1663322 2.8341732Q5.1826644 2.7520638 5.2147017 2.6747189Q5.2467389 2.5973737 5.2932501 2.527765Q5.3397617 2.4581563 5.3989592 2.3989592Q5.4581566 2.3397617 5.5277653 2.2932508Q5.597374 2.2467399 5.6747189 2.2147024Q5.7520638 2.1826651 5.8341727 2.1663327Q5.9162822 2.1500001 6 2.1500001ZM6 3.8499999L6 3L6.8499999 3L6.8499999 21L6 21L6 20.15L18 20.15L18 21L17.15 21L17.15 7L18 7L17.39896 7.6010408L13.398959 3.6010408L14 3L14 3.8499999L6 3.8499999ZM14.85 3L14.85 8L14 8L14 7.1500001L18 7.1500001Q18.083717 7.1500001 18.165825 7.1663322Q18.247934 7.1826649 18.325279 7.2147017Q18.402622 7.2467384 18.472233 7.2932496Q18.541842 7.3397608 18.60104 7.3989582Q18.660236 7.4581556 18.706747 7.5277638Q18.753258 7.597373 18.785295 7.6747179Q18.817333 7.7520633 18.833668 7.8341727Q18.849998 7.9162817 18.85 8Q18.849998 8.0837173 18.833666 8.1658268Q18.817333 8.2479353 18.785294 8.3252802Q18.753258 8.4026251 18.706747 8.4722338Q18.660236 8.5418434 18.60104 8.6010408Q18.541842 8.6602383 18.472233 8.706749Q18.402622 8.7532597 18.325279 8.7852974Q18.247934 8.8173351 18.165825 8.8336678Q18.083717 8.8500004 18 8.8500004L14 8.8500004Q13.916281 8.8500004 13.834172 8.8336678Q13.752062 8.8173351 13.674717 8.7852974Q13.597372 8.7532597 13.527763 8.706749Q13.458155 8.6602383 13.398958 8.6010408Q13.339761 8.5418434 13.29325 8.4722338Q13.246738 8.4026251 13.214701 8.3252802Q13.182664 8.2479353 13.166331 8.1658268Q13.15 8.0837173 13.15 8L13.15 3Q13.15 2.9162822 13.166332 2.8341732Q13.182664 2.7520638 13.214701 2.6747189Q13.246738 2.5973737 13.293249 2.527765Q13.339761 2.4581563 13.398958 2.3989592Q13.458155 2.3397617 13.527763 2.2932508Q13.597372 2.2467399 13.674717 2.2147024Q13.752062 2.1826651 13.834172 2.1663327Q13.916281 2.1500001 14 2.1500001Q14.083717 2.1500001 14.165827 2.1663325Q14.247935 2.1826651 14.32528 2.2147024Q14.402625 2.2467399 14.472233 2.2932506Q14.541842 2.3397617 14.60104 2.3989592Q14.660236 2.4581563 14.706748 2.527765Q14.753258 2.5973737 14.785296 2.6747189Q14.817333 2.7520638 14.833667 2.834173Q14.849999 2.9162822 14.85 3ZM9 11.15L15 11.15Q15.083717 11.15 15.165826 11.166332Q15.247934 11.182664 15.325279 11.214701Q15.402624 11.246738 15.472233 11.293249Q15.541842 11.339761 15.60104 11.398958Q15.660236 11.458156 15.706747 11.527764Q15.753258 11.597373 15.785295 11.674718Q15.817333 11.752063 15.833666 11.834172Q15.849999 11.916282 15.85 12Q15.849999 12.083717 15.833667 12.165827Q15.817333 12.247935 15.785296 12.32528Q15.753259 12.402625 15.706747 12.472234Q15.660236 12.541842 15.60104 12.60104Q15.541842 12.660237 15.472233 12.706748Q15.402624 12.75326 15.325279 12.785297Q15.247934 12.817335 15.165826 12.833668Q15.083717 12.85 15 12.85L9 12.85Q8.9162817 12.85 8.8341722 12.833668Q8.7520628 12.817335 8.6747179 12.785297Q8.597373 12.75326 8.5277643 12.706749Q8.4581556 12.660237 8.3989582 12.60104Q8.3397608 12.541842 8.2932501 12.472233Q8.2467384 12.402624 8.2147017 12.325279Q8.1826649 12.247934 8.1663322 12.165826Q8.1499996 12.083717 8.1499996 12Q8.1499996 11.916282 8.1663322 11.834172Q8.1826639 11.752062 8.2147007 11.674717Q8.2467384 11.597372 8.2932491 11.527764Q8.3397608 11.458156 8.3989582 11.398958Q8.4581556 11.339761 8.5277643 11.29325Q8.597373 11.246738 8.6747179 11.214701Q8.7520628 11.182664 8.8341722 11.166331Q8.9162817 11.15 9 11.15ZM9 15.15L15 15.15Q15.083717 15.15 15.165826 15.166332Q15.247934 15.182664 15.325279 15.214701Q15.402624 15.246738 15.472233 15.29325Q15.541842 15.339761 15.60104 15.398958Q15.660236 15.458155 15.706747 15.527763Q15.753258 15.597372 15.785295 15.674717Q15.817333 15.752062 15.833666 15.834172Q15.849999 15.916282 15.85 16Q15.849999 16.083717 15.833667 16.165825Q15.817333 16.247934 15.785296 16.325279Q15.753259 16.402624 15.706747 16.472233Q15.660236 16.541843 15.60104 16.60104Q15.541842 16.660236 15.472233 16.706749Q15.402624 16.75326 15.325279 16.785297Q15.247934 16.817333 15.165826 16.833668Q15.083717 16.849998 15 16.85L9 16.85Q8.9162817 16.849998 8.8341722 16.833668Q8.7520628 16.817333 8.6747179 16.785297Q8.597373 16.75326 8.5277643 16.706749Q8.4581556 16.660236 8.3989582 16.60104Q8.3397608 16.541843 8.2932501 16.472233Q8.2467384 16.402624 8.2147017 16.325279Q8.1826649 16.247934 8.1663322 16.165825Q8.1499996 16.083717 8.1499996 16Q8.1499996 15.916282 8.1663322 15.834172Q8.1826639 15.752062 8.2147007 15.674717Q8.2467384 15.597372 8.2932491 15.527763Q8.3397608 15.458155 8.3989582 15.398958Q8.4581556 15.339761 8.5277643 15.293249Q8.597373 15.246738 8.6747179 15.214701Q8.7520628 15.182664 8.8341722 15.166331Q8.9162817 15.15 9 15.15Z"/></svg>
folder-download-symbolic	<svg xmlns="http://www.w3.org/2000/svg" xmlns:xlink="http://www.w3.org/1999/xlink" width="24" height="24"><path d="M12.85 3L12.85 15Q12.85 15.083717 12.833668 15.165826Q12.817335 15.247934 12.785297 15.325279Q12.75326 15.402624 12.706749 15.472233Q12.660237 15.541842 12.60104 15.60104Q12.541842 15.660236 12.472233 15.706747Q12.402624 15.753258 12.325279 15.785295Q12.247934 15.817333 12.165826 15.833666Q12.083717 15.849999 12 15.85Q11.916282 15.849999 11.834172 15.833667Q11.752062 15.817333 11.674717 15.785296Q11.597372 15.753259 11.527764 15.706747Q11.458156 15.660236 11.398958 15.60104Q11.33976 15.541842 11.293249 15.472233Q11.246737 15.402624 11.2147 15.325279Q11.182663 15.247934 11.16633 15.165826Q11.149999 15.083717 11.15 15L11.15 3Q11.149999 2.9162822 11.166331 2.8341732Q11.182663 2.7520638 11.214701 2.6747189Q11.246738 2.5973737 11.293249 2.527765Q11.33976 2.4581563 11.398958 2.3989592Q11.458156 2.3397617 11.527764 2.2932508Q11.597373 2.2467399 11.674718 2.2147024Q11.752063 2.1826651 11.834172 2.1663327Q11.916282 2.1500001 12 2.1500001Q12.083717 2.1500001 12.165827 2.1663325Q12.247935 2.1826651 12.32528 2.2147024Q12.402625 2.2467399 12.472234 2.2932506Q12.541842 2.3397617 12.60104 2.3989592Q12.660237 2.4581563 12.706748 2.527765Q12.75326 2.5973737 12.785297 2.6747189Q12.817335 2.7520638 12.833668 2.834173Q12.85 2.9162822 12.85 3ZM7.6010408 9.3989592L12.601041 14.398959L12 15L11.398959 14.398959L16.39896 9.3989592Q16.458157 9.3397617 16.527765 9.2932501Q16.597374 9.2467384 16.674719 9.2147017Q16.752064 9.1826649 16.834173 9.1663322Q16.916283 9.1499996 17 9.1499996Q17.083717 9.1499996 17.165825 9.1663322Q17.247932 9.1826649 17.325279 9.2147017Q17.402622 9.2467384 17.472233 9.2932501Q17.541842 9.3397617 17.60104 9.3989592Q17.660236 9.4581566 17.706747 9.5277653Q17.753258 9.597374 17.785295 9.6747189Q17.817333 9.7520638 17.833666 9.8341732Q17.849998 9.9162827 17.849998 10Q17.849998 10.083717 17.833666 10.165827Q17.817333 10.247935 17.785295 10.32528Q17.753258 10.402625 17.706747 10.472234Q17.660236 10.541843 17.60104 10.601041L12.601041 15.601041Q12.541843 15.660237 12.472234 15.706747Q12.402625 15.753258 12.32528 15.785295Q12.247934 15.817333 12.165826 15.833666Q12.083716 15.849999 11.999999 15.849999Q11.916281 15.849999 11.834172 15.833667Q11.752063 15.817333 11.674718 15.785296Q11.597373 15.753259 11.527765 15.706748Q11.458157 15.660237 11.398959 15.601041L6.3989592 10.601041Q6.3397617 10.541843 6.2932506 10.472234Q6.2467394 10.402625 6.2147017 10.32528Q6.1826639 10.247935 6.1663318 10.165827Q6.1499996 10.083717 6.1499996 10Q6.1499996 9.9162827 6.1663318 9.8341732Q6.1826639 9.7520638 6.2147017 9.6747189Q6.2467394 9.597374 6.2932506 9.5277653Q6.3397617 9.4581566 6.3989592 9.3989592Q6.4581561 9.3397617 6.5277643 9.2932501Q6.597373 9.2467384 6.6747184 9.2147017Q6.7520633 9.1826649 6.8341727 9.1663322Q6.9162817 9.1499996 6.9999995 9.1499996Q7.0837169 9.1499996 7.1658258 9.1663322Q7.2479353 9.1826649 7.3252802 9.2147017Q7.4026251 9.2467384 7.4722338 9.2932501Q7.5418429 9.3397617 7.6010408 9.3989592ZM4.8499999 17L4.8499999 21L4 21L4 20.15L20 20.15L20 21L19.15 21L19.15 17Q19.15 16.916283 19.166332 16.834171Q19.182663 16.752064 19.214699 16.674717Q19.246737 16.597374 19.293247 16.527763Q19.33976 16.458157 19.398958 16.398958Q19.458155 16.33976 19.527763 16.293249Q19.59737 16.246738 19.674717 16.214701Q19.75206 16.182663 19.834171 16.166332Q19.916281 16.15 20 16.15Q20.083717 16.15 20.165827 16.166332Q20.247936 16.182663 20.325279 16.214701Q20.402624 16.246738 20.472233 16.293249Q20.541842 16.33976 20.60104 16.398958Q20.660236 16.458157 20.706747 16.527763Q20.753258 16.597374 20.785295 16.674717Q20.817333 16.752064 20.833666 16.834171Q20.849998 16.916283 20.85 17L20.85 21Q20.849998 21.083717 20.833666 21.165825Q20.817333 21.247936 20.785294 21.325279Q20.753258 21.402624 20.706747 21.472233Q20.660236 21.541842 20.60104 21.60104Q20.541842 21.660236 20.472233 21.706749Q20.402624 21.753258 20.325279 21.785295Q20.247936 21.817333 20.165827 21.833666Q20.083717 21.849998 20 21.85L4 21.85Q3.9162822 21.849998 3.8341727 21.833666Q3.7520638 21.817333 3.6747186 21.785294Q3.5973735 21.753258 3.5277648 21.706745Q3.4581561 21.660236 3.3989592 21.60104Q3.3397617 21.541842 3.2932508 21.472233Q3.2467399 21.402624 3.2147024 21.325279Q3.1826651 21.247936 3.1663327 21.165827Q3.1500001 21.083717 3.1500001 21L3.1500001 17Q3.1500001 16.916283 3.1663325 16.834171Q3.1826651 16.752064 3.2147024 16.674717Q3.2467399 16.597374 3.2932506 16.527763Q3.3397617 16.458157 3.3989592 16.398958Q3.4581561 16.33976 3.5277648 16.293249Q3.5973735 16.246738 3.6747189 16.214701Q3.7520638 16.182663 3.834173 16.166332Q3.9162822 16.15 4 16.15Q4.0837173 16.15 4.1658263 16.166332Q4.2479353 16.182663 4.3252807 16.214701Q4.402626 16.246738 4.4722347 16.293249Q4.5418434 16.33976 4.6010408 16.398958Q4.6602378 16.458157 4.7067485 16.527763Q4.7532597 16.597374 4.7852969 16.674717Q4.8173342 16.752064 4.8336668 16.834171Q4.8499994 16.916283 4.8499999 17Z"/></svg>
folder-music-symbolic	<svg xmlns="http://www.w3.org/2000/svg" xmlns:xlink="http://www.w3.org/1999/xlink" width="24" height="24"><path d="M8.1499996 17L8.1499996 6Q8.1499996 5.930542 8.1612759 5.8620057Q8.1725521 5.7934694 8.1948061 5.7276726Q8.2170601 5.6618757 8.2496996 5.600565Q8.2823391 5.5392542 8.3244991 5.4840555Q8.3666601 5.4288568 8.417223 5.3812351Q8.4677849 5.3336134 8.5254078 5.2948322Q8.5830307 5.2560511 8.6461859 5.2271385Q8.7093401 5.1982265 8.77635 5.1799507L19.77635 2.1799507Q19.857117 2.157923 19.940628 2.1520755Q20.024143 2.1462283 20.107191 2.156786Q20.190241 2.1673436 20.269634 2.1939006Q20.34903 2.2204576 20.421717 2.2619934Q20.494404 2.3035288 20.55759 2.3584471Q20.620777 2.4133649 20.672037 2.4795551Q20.723297 2.5457454 20.760658 2.6206636Q20.798019 2.6955824 20.820049 2.7763503Q20.85 2.8861697 20.85 3L20.85 15Q20.849998 15.083717 20.833666 15.165826Q20.817333 15.247934 20.785294 15.325279Q20.753258 15.402624 20.706747 15.472233Q20.660236 15.541842 20.60104 15.60104Q20.541842 15.660236 20.472233 15.706747Q20.402624 15.753258 20.325279 15.785295Q20.247936 15.817333 20.165827 15.833666Q20.083717 15.849999 20 15.85Q19.916281 15.849999 19.834171 15.833667Q19.75206 15.817333 19.674717 15.785296Q19.59737 15.753259 19.527761 15.706747Q19.458153 15.660236 19.398956 15.60104Q19.339758 15.541842 19.293247 15.472233Q19.246735 15.402624 19.214699 15.325279Q19.182663 15.247934 19.166332 15.165826Q19.15 15.083717 19.15 15L19.15 3L20 3L20.22365 3.8200493L9.22365 6.8200493L9 6L9.8500004 6L9.8500004 17Q9.8500004 17.083717 9.8336678 17.165825Q9.8173351 17.247934 9.7852974 17.325279Q9.7532597 17.402622 9.706749 17.472233Q9.6602383 17.541842 9.6010408 17.60104Q9.5418434 17.660236 9.4722338 17.706747Q9.4026251 17.753258 9.3252802 17.785295Q9.2479343 17.817333 9.1658268 17.833666Q9.0837173 17.849998 9 17.85Q8.9162817 17.849998 8.8341722 17.833668Q8.7520628 17.817333 8.6747179 17.785297Q8.597373 17.753258 8.5277643 17.706747Q8.4581556 17.660236 8.3989582 17.60104Q8.3397608 17.541842 8.2932501 17.472233Q8.2467384 17.402622 8.2147017 17.325279Q8.1826649 17.247934 8.1663322 17.165825Q8.1499996 17.083717 8.1499996 17ZM9.8500004 6L9.8500004 10L9 10L8.77635 9.1799507L19.77635 6.1799507Q19.857117 6.1579227 19.940628 6.1520758Q20.024143 6.1462283 20.107191 6.156786Q20.190241 6.1673436 20.269634 6.1939001Q20.34903 6.2204571 20.421717 6.2619929Q20.494404 6.3035288 20.55759 6.3584466Q20.620777 6.4133644 20.672037 6.4795542Q20.723297 6.5457449 20.760658 6.6206636Q20.798019 6.6955824 20.820049 6.77635Q20.842075 6.8571177 20.847923 6.9406304Q20.853771 7.0241437 20.843212 7.107193Q20.832653 7.1902423 20.806097 7.2696362Q20.779541 7.3490305 20.738007 7.4217176Q20.69647 7.4944048 20.641552 7.5575919Q20.586632 7.620779 20.520443 7.6720386Q20.45425 7.7232981 20.379333 7.7606597Q20.304417 7.7980213 20.22365 7.8200493L9.22365 10.820049Q9.1138306 10.85 9 10.85Q8.9162817 10.85 8.8341722 10.833667Q8.7520628 10.817334 8.6747179 10.785296Q8.597373 10.75326 8.5277643 10.706748Q8.4581556 10.660237 8.3989582 10.60104Q8.3397608 10.541842 8.2932501 10.472234Q8.2467384 10.402625 8.2147017 10.32528Q8.1826649 10.247935 8.1663322 10.165827Q8.1499996 10.083717 8.1499996 10L8.1499996 6Q8.1499996 5.9162822 8.1663322 5.8341732Q8.1826639 5.7520638 8.2147007 5.6747189Q8.2467384 5.597374 8.2932491 5.5277653Q8.3397608 5.4581566 8.3989582 5.3989592Q8.4581556 5.3397617 8.5277643 5.2932506Q8.597373 5.2467394 8.6747179 5.2147021Q8.7520628 5.1826649 8.8341722 5.1663322Q8.9162817 5.1500001 9 5.1500001Q9.0837173 5.1500001 9.1658258 5.1663322Q9.2479343 5.1826649 9.3252802 5.2147017Q9.4026251 5.2467394 9.4722338 5.2932506Q9.5418434 5.3397617 9.6010408 5.3989592Q9.6602383 5.4581566 9.706749 5.5277653Q9.7532597 5.597374 9.7852974 5.6747189Q9.8173351 5.7520638 9.8336678 5.8341727Q9.8500004 5.9162822 9.8500004 6ZM9.8500004 17Q9.8500004 20.657112 6.0705886 20.972063Q4.5872707 21.095673 3.4798691 20.388166Q2.1500001 19.538528 2.1500001 18Q2.1500001 15.029942 5.860261 14.411565Q7.3516564 14.162999 8.4426317 14.708487Q9.8500004 15.412171 9.8500004 17ZM8.1499996 17Q8.1499996 16.46283 7.6823683 16.229013Q7.0858421 15.930751 6.139739 16.088434Q3.8499999 16.470058 3.8499999 18Q3.8499999 18.607306 4.3951311 18.955584Q5.0184989 19.353846 5.9294114 19.277937Q8.1499996 19.092888 8.1499996 17ZM20.85 15Q20.85 18.657112 17.070589 18.972063Q15.587271 19.095673 14.479869 18.388166Q13.15 17.538528 13.15 16Q13.15 13.029942 16.86026 12.411565Q18.351656 12.162999 19.442631 12.708487Q20.85 13.412171 20.85 15ZM19.15 15Q19.15 14.462829 18.682369 14.229013Q18.085844 13.930751 17.13974 14.088435Q14.85 14.470058 14.85 16Q14.85 16.607306 15.395131 16.955584Q16.018499 17.353846 16.929411 17.277937Q19.15 17.092888 19.15 15Z"/></svg>
folder-pictures-symbolic	<svg xmlns="http://www.w3.org/2000/svg" xmlns:xlink="http://www.w3.org/1999/xlink" width="24" height="24"><path d="M4 2.1500001L20 2.1500001Q20.083717 2.1500001 20.165827 2.1663325Q20.247936 2.1826651 20.325279 2.2147024Q20.402624 2.2467399 20.472233 2.2932506Q20.541842 2.3397617 20.60104 2.3989592Q20.660236 2.4581563 20.706747 2.527765Q20.753258 2.5973737 20.785295 2.6747189Q20.817333 2.7520638 20.833666 2.834173Q20.849998 2.9162822 20.85 3L20.85 21Q20.849998 21.083717 20.833666 21.165825Q20.817333 21.247936 20.785294 21.325279Q20.753258 21.402624 20.706747 21.472233Q20.660236 21.541842 20.60104 21.60104Q20.541842 21.660236 20.472233 21.706749Q20.402624 21.753258 20.325279 21.785295Q20.247936 21.817333 20.165827 21.833666Q20.083717 21.849998 20 21.85L4 21.85Q3.9162822 21.849998 3.8341727 21.833666Q3.7520638 21.817333 3.6747186 21.785294Q3.5973735 21.753258 3.5277648 21.706745Q3.4581561 21.660236 3.3989592 21.60104Q3.3397617 21.541842 3.2932508 21.472233Q3.2467399 21.402624 3.2147024 21.325279Q3.1826651 21.247936 3.1663327 21.165827Q3.1500001 21.083717 3.1500001 21L3.1500001 3Q3.1500001 2.9162822 3.1663325 2.8341732Q3.1826651 2.7520638 3.2147024 2.6747189Q3.2467399 2.5973737 3.2932506 2.527765Q3.3397617 2.4581563 3.3989592 2.3989592Q3.4581561 2.3397617 3.5277648 2.2932508Q3.5973735 2.2467399 3.6747189 2.2147024Q3.7520638 2.1826651 3.834173 2.1663327Q3.9162822 2.1500001 4 2.1500001ZM4 3.8499999L4 3L4.8499999 3L4.8499999 21L4 21L4 20.15L20 20.15L20 21L19.15 21L19.15 3L20 3L20 3.8499999L4 3.8499999ZM3.3989592 16.39896L9.3989592 10.398959Q9.4581566 10.339762 9.5277653 10.29325Q9.597374 10.246738 9.6747189 10.214702Q9.7520638 10.182665 9.8341732 10.166332Q9.9162827 10.15 10 10.15Q10.083717 10.15 10.165827 10.166332Q10.247935 10.182665 10.32528 10.214702Q10.402625 10.246738 10.472234 10.29325Q10.541843 10.339762 10.601041 10.398959L14.601041 14.398959L14 15L13.398959 14.398959L16.39896 11.398959Q16.458157 11.339762 16.527765 11.29325Q16.597374 11.246738 16.674719 11.214701Q16.752064 11.182663 16.834173 11.166331Q16.916283 11.149999 17 11.149999Q17.083717 11.149999 17.165825 11.166331Q17.247932 11.182664 17.325279 11.214702Q17.402622 11.246738 17.472233 11.293251Q17.541842 11.339762 17.60104 11.398959L20.60104 14.398959Q20.660236 14.458156 20.706747 14.527763Q20.753258 14.597372 20.785294 14.674717Q20.817331 14.752062 20.833664 14.834171Q20.849998 14.916281 20.849998 14.999999Q20.849998 15.083716 20.833664 15.165825Q20.817331 15.247934 20.785294 15.325279Q20.753258 15.402624 20.706747 15.472234Q20.660236 15.541843 20.60104 15.601041Q20.541842 15.660237 20.472233 15.706747Q20.402624 15.753258 20.325279 15.785295Q20.247936 15.817333 20.165827 15.833666Q20.083717 15.849999 20 15.849999Q19.916283 15.849999 19.834171 15.833667Q19.752062 15.817333 19.674717 15.785296Q19.597372 15.753259 19.527765 15.706748Q19.458157 15.660237 19.39896 15.601041L16.39896 12.601041L17 12L17.60104 12.601041L14.601041 15.601041Q14.541843 15.660237 14.472234 15.706747Q14.402624 15.753258 14.325279 15.785295Q14.247934 15.817333 14.165825 15.833666Q14.083715 15.849999 13.999999 15.849999Q13.916281 15.849999 13.834171 15.833667Q13.752063 15.817333 13.674718 15.785296Q13.597373 15.753259 13.527765 15.706748Q13.458157 15.660237 13.398959 15.601041L9.3989592 11.601041L10 11L10.601041 11.601041L4.6010408 17.60104Q4.5418434 17.660236 4.4722347 17.706747Q4.402626 17.753258 4.3252807 17.785295Q4.2479353 17.817333 4.1658263 17.833666Q4.0837173 17.849998 3.9999998 17.849998Q3.9162817 17.849998 3.8341727 17.833666Q3.7520638 17.817333 3.6747186 17.785295Q3.5973735 17.753258 3.5277648 17.706747Q3.4581561 17.660236 3.3989592 17.60104Q3.3397617 17.541842 3.2932506 17.472233Q3.2467394 17.402622 3.2147019 17.325279Q3.1826646 17.247932 3.166332 17.165825Q3.1499996 17.083717 3.1499996 17Q3.1499996 16.916283 3.1663322 16.834171Q3.1826646 16.752064 3.2147019 16.674717Q3.2467394 16.597374 3.2932506 16.527765Q3.3397617 16.458157 3.3989592 16.39896ZM16 6.1500001L16.01 6.1500001Q16.093716 6.1500001 16.175825 6.1663327Q16.257935 6.1826649 16.335279 6.2147017Q16.412624 6.2467394 16.482233 6.2932506Q16.551842 6.3397617 16.61104 6.3989592Q16.670238 6.4581566 16.716749 6.5277653Q16.76326 6.597374 16.795296 6.6747189Q16.827335 6.7520638 16.843668 6.8341727Q16.860001 6.9162817 16.860001 7Q16.860001 7.0837173 16.843668 7.1658263Q16.827335 7.2479353 16.795296 7.3252802Q16.76326 7.4026251 16.716749 7.4722338Q16.670238 7.5418425 16.61104 7.6010399Q16.551842 7.6602373 16.482235 7.706748Q16.412624 7.7532587 16.335279 7.7852964Q16.257935 7.8173342 16.175825 7.8336668Q16.093716 7.8499994 16.01 7.8499999L16 7.8499999Q15.916282 7.8499994 15.834172 7.8336668Q15.752062 7.8173342 15.674717 7.7852964Q15.597372 7.7532592 15.527763 7.706748Q15.458155 7.6602373 15.398958 7.6010404Q15.33976 7.5418425 15.293248 7.4722338Q15.246737 7.4026251 15.2147 7.3252802Q15.182663 7.2479353 15.16633 7.1658263Q15.149999 7.0837173 15.15 7Q15.149999 6.9162817 15.16633 6.8341732Q15.182663 6.7520638 15.214701 6.6747189Q15.246737 6.597374 15.293248 6.5277653Q15.33976 6.4581566 15.398958 6.3989592Q15.458155 6.3397617 15.527763 6.2932506Q15.597372 6.2467394 15.674717 6.2147021Q15.752062 6.1826649 15.834172 6.1663322Q15.916282 6.1500001 16 6.1500001Z"/></svg>
folder-videos-symbolic	<svg xmlns="http://www.w3.org/2000/svg" xmlns:xlink="http://www.w3.org/1999/xlink" width="24" height="24"><path d="M3 4.1500001L16 4.1500001Q16.083717 4.1500001 16.165825 4.1663322Q16.247934 4.1826649 16.325279 4.2147021Q16.402624 4.2467394 16.472233 4.2932506Q16.541843 4.3397617 16.60104 4.3989592Q16.660236 4.4581566 16.706749 4.5277653Q16.75326 4.597374 16.785297 4.6747189Q16.817333 4.7520638 16.833668 4.8341732Q16.849998 4.9162822 16.85 5L16.85 19Q16.849998 19.083717 16.833668 19.165825Q16.817333 19.247934 16.785297 19.325279Q16.75326 19.402624 16.706749 19.472233Q16.660236 19.541842 16.60104 19.60104Q16.541843 19.660236 16.472233 19.706747Q16.402624 19.753258 16.325279 19.785295Q16.247934 19.817333 16.165825 19.833666Q16.083717 19.849998 16 19.85L3 19.85Q2.9162822 19.849998 2.8341732 19.833666Q2.7520638 19.817333 2.6747189 19.785294Q2.5973737 19.753258 2.527765 19.706747Q2.4581563 19.660236 2.3989592 19.60104Q2.3397617 19.541842 2.2932506 19.472233Q2.2467396 19.402624 2.2147021 19.325279Q2.1826649 19.247934 2.1663325 19.165825Q2.1500001 19.083717 2.1500001 19L2.1500001 5Q2.1500001 4.9162822 2.1663325 4.8341732Q2.1826649 4.7520638 2.2147021 4.6747189Q2.2467396 4.597374 2.2932506 4.5277653Q2.3397617 4.4581566 2.3989592 4.3989592Q2.4581563 4.3397617 2.527765 4.2932506Q2.5973737 4.2467394 2.6747189 4.2147021Q2.7520638 4.1826649 2.834173 4.1663327Q2.9162822 4.1500001 3 4.1500001ZM3 5.8499999L3 5L3.8499999 5L3.8499999 19L3 19L3 18.15L16 18.15L16 19L15.15 19L15.15 5L16 5L16 5.8499999L3 5.8499999ZM15.562678 8.2711306L20.562679 5.271131Q20.634464 5.2280583 20.713276 5.1998186Q20.792088 5.1715784 20.874893 5.1592569Q20.957699 5.146935 21.041317 5.1510043Q21.124935 5.1550741 21.206154 5.1753788Q21.287371 5.1956825 21.363068 5.231442Q21.438763 5.2672014 21.506029 5.3170414Q21.573296 5.3668809 21.629545 5.4288859Q21.685795 5.490891 21.728868 5.5626788Q21.85 5.7645636 21.85 6L21.85 18Q21.849998 18.083717 21.833666 18.165825Q21.817333 18.247934 21.785294 18.325279Q21.753258 18.402622 21.706745 18.472233Q21.660236 18.541842 21.60104 18.60104Q21.541842 18.660236 21.472233 18.706747Q21.402624 18.753258 21.325279 18.785295Q21.247936 18.817333 21.165827 18.833668Q21.083717 18.849998 21 18.85Q20.764565 18.85 20.562679 18.728868L15.562678 15.728869Q15.490891 15.685797 15.428885 15.629545Q15.366879 15.573296 15.317039 15.506029Q15.2672 15.438764 15.231441 15.363068Q15.195681 15.287373 15.175377 15.206155Q15.155071 15.124935 15.151002 15.041317Q15.146933 14.957698 15.159256 14.874892Q15.171577 14.792086 15.199819 14.713276Q15.228058 14.634464 15.271131 14.562678Q15.314202 14.490891 15.370451 14.428885Q15.426701 14.366879 15.493966 14.317039Q15.561232 14.267199 15.636929 14.231441Q15.712625 14.195682 15.793843 14.175378Q15.875061 14.155073 15.958679 14.151003Q16.042299 14.146934 16.125105 14.159256Q16.207911 14.171577 16.286722 14.199818Q16.365532 14.228058 16.437321 14.271131L21.437321 17.271132L21 18L20.15 18L20.15 6L21 6L21.437321 6.728869L16.437321 9.7288694Q16.365532 9.7719421 16.286722 9.8001814Q16.207911 9.8284206 16.125105 9.8407421Q16.042299 9.8530636 15.958681 9.8489952Q15.875063 9.8449249 15.793844 9.8246212Q15.712626 9.8043175 15.63693 9.7685575Q15.561233 9.7327986 15.493967 9.6829586Q15.426702 9.6331186 15.370452 9.5711136Q15.314202 9.5091085 15.271131 9.4373217Q15.228058 9.3655338 15.199818 9.2867222Q15.171577 9.2079105 15.159255 9.1251049Q15.146933 9.0422993 15.151002 8.9586802Q15.155071 8.875062 15.175377 8.7938442Q15.195681 8.7126255 15.23144 8.6369295Q15.2672 8.5612335 15.317039 8.4939671Q15.366879 8.4267015 15.428885 8.3704519Q15.490891 8.3142023 15.562678 8.2711306Z"/></svg>
folder-symbolic	<svg xmlns="http://www.w3.org/2000/svg" xmlns:xlink="http://www.w3.org/1999/xlink" width="24" height="24"><path d="M3 5.1500001L10 5.1500001Q10.169075 5.1500001 10.32528 5.2147017Q10.481485 5.2794046 10.601041 5.3989592L13.601041 8.3989592L13 9L13 8.1499996L21 8.1499996Q21.083717 8.1499996 21.165825 8.1663322Q21.247936 8.1826639 21.325279 8.2147007Q21.402624 8.2467384 21.472233 8.2932491Q21.541842 8.3397608 21.60104 8.3989582Q21.660236 8.4581556 21.706749 8.5277643Q21.753258 8.597373 21.785295 8.6747179Q21.817333 8.7520628 21.833666 8.8341722Q21.849998 8.9162817 21.85 9L21.85 21Q21.849998 21.083717 21.833666 21.165825Q21.817333 21.247936 21.785294 21.325279Q21.753258 21.402624 21.706745 21.472233Q21.660236 21.541842 21.60104 21.60104Q21.541842 21.660236 21.472233 21.706749Q21.402624 21.753258 21.325279 21.785295Q21.247936 21.817333 21.165827 21.833666Q21.083717 21.849998 21 21.85L3 21.85Q2.9162822 21.849998 2.8341732 21.833666Q2.7520638 21.817333 2.6747189 21.785294Q2.5973737 21.753258 2.527765 21.706745Q2.4581563 21.660236 2.3989592 21.60104Q2.3397617 21.541842 2.2932506 21.472233Q2.2467396 21.402624 2.2147021 21.325279Q2.1826649 21.247936 2.1663325 21.165827Q2.1500001 21.083717 2.1500001 21L2.1500001 6Q2.1500001 5.9162822 2.1663325 5.8341732Q2.1826649 5.7520638 2.2147021 5.6747189Q2.2467396 5.597374 2.2932506 5.5277653Q2.3397617 5.4581566 2.3989592 5.3989592Q2.4581563 5.3397617 2.527765 5.2932506Q2.5973737 5.2467394 2.6747189 5.2147021Q2.7520638 5.1826649 2.834173 5.1663322Q2.9162822 5.1500001 3 5.1500001ZM3 6.8499999L3 6L3.8499999 6L3.8499999 21L3 21L3 20.15L21 20.15L21 21L20.15 21L20.15 9L21 9L21 9.8500004L13 9.8500004Q12.830924 9.8500004 12.674719 9.7852974Q12.518513 9.7205944 12.398959 9.6010408L9.3989592 6.6010408L10 6L10 6.8499999L3 6.8499999ZM2.1500001 6L2.1500001 4Q2.1500001 3.9162822 2.1663325 3.8341727Q2.1826649 3.7520638 2.2147021 3.6747186Q2.2467396 3.5973735 2.2932506 3.5277648Q2.3397617 3.4581561 2.3989592 3.3989592Q2.4581563 3.3397617 2.527765 3.2932508Q2.5973737 3.2467399 2.6747189 3.2147024Q2.7520638 3.1826651 2.834173 3.1663327Q2.9162822 3.1500001 3 3.1500001L9 3.1500001Q9.2573595 3.1500001 9.4714956 3.2927573L12.471496 5.292757Q12.541152 5.3391953 12.60041 5.3983302Q12.65967 5.4574652 12.706253 5.5270252Q12.752836 5.5965853 12.784955 5.6738968Q12.817074 5.7512083 12.833492 5.8333006Q12.849911 5.9153924 12.849998 5.9991102Q12.850086 6.0828276 12.833839 6.1649542Q12.817593 6.2470803 12.785637 6.3244591Q12.753681 6.4018373 12.707243 6.4714952Q12.660804 6.541152 12.601668 6.6004114Q12.542532 6.6596704 12.472973 6.706254Q12.403412 6.7528381 12.326101 6.7849565Q12.248789 6.8170748 12.166698 6.8334932Q12.084605 6.8499117 12.000887 6.849999Q11.91717 6.8500862 11.835044 6.8338399Q11.752918 6.8175931 11.675539 6.7856369Q11.598162 6.7536807 11.528504 6.707243L8.5285044 4.707243L9 4L9 4.8499999L3 4.8499999L3 4L3.8499999 4L3.8499999 6Q3.8499999 6.0837173 3.8336673 6.1658263Q3.8173344 6.2479353 3.7852969 6.3252802Q3.7532597 6.4026251 3.7067485 6.4722338Q3.6602378 6.5418425 3.6010404 6.6010399Q3.5418429 6.6602373 3.4722342 6.7067485Q3.4026256 6.7532597 3.3252807 6.7852969Q3.2479358 6.8173342 3.1658266 6.8336673Q3.0837176 6.8499994 3 6.8499999Q2.9162822 6.8499994 2.8341732 6.8336673Q2.7520638 6.8173347 2.6747189 6.7852974Q2.5973737 6.7532597 2.527765 6.706749Q2.4581563 6.6602378 2.3989592 6.6010408Q2.3397617 6.5418434 2.2932506 6.4722342Q2.2467396 6.4026251 2.2147021 6.3252802Q2.1826649 6.2479353 2.1663325 6.1658263Q2.1500001 6.0837173 2.1500001 6Z"/></svg>
drive-harddisk-symbolic drive-removable-media-symbolic	<svg xmlns="http://www.w3.org/2000/svg" xmlns:xlink="http://www.w3.org/1999/xlink" width="24" height="24"><path d="M5 3.1500001L19 3.1500001Q19.069458 3.1500001 19.137995 3.1612763Q19.206532 3.1725528 19.272327 3.1948061Q19.338123 3.2170594 19.399435 3.2496994Q19.460747 3.2823391 19.515944 3.3244996Q19.571144 3.3666601 19.618767 3.4172225Q19.666389 3.4677851 19.70517 3.525408Q19.74395 3.5830309 19.772861 3.6461854Q19.801775 3.7093399 19.820049 3.7763503L22.820049 14.77635Q22.85 14.886169 22.85 15L22.85 20Q22.849998 20.083717 22.833666 20.165827Q22.817333 20.247936 22.785294 20.325279Q22.753258 20.402624 22.706747 20.472233Q22.660236 20.541842 22.60104 20.60104Q22.541842 20.660236 22.472233 20.706747Q22.402624 20.753258 22.325279 20.785295Q22.247936 20.817333 22.165825 20.833666Q22.083717 20.849998 22 20.85L2 20.85Q1.9162822 20.849998 1.8341731 20.833666Q1.752064 20.817333 1.6747189 20.785294Q1.5973737 20.753258 1.5277652 20.706747Q1.4581563 20.660236 1.3989592 20.60104Q1.3397617 20.541842 1.2932508 20.472233Q1.2467396 20.402624 1.2147022 20.325279Q1.1826649 20.247936 1.1663324 20.165827Q1.1499999 20.083717 1.15 20L1.15 15Q1.15 14.886169 1.1799507 14.77635L4.1799507 3.7763503Q4.1982269 3.7093399 4.227139 3.6461854Q4.2560511 3.5830307 4.2948322 3.5254078Q4.3336134 3.4677849 4.3812351 3.4172223Q4.4288568 3.3666596 4.4840555 3.3244991Q4.5392542 3.2823389 4.600565 3.2496991Q4.6618762 3.2170591 4.7276726 3.1948056Q4.7934694 3.1725526 4.8620057 3.1612763Q4.930542 3.1500001 5 3.1499999L5 3.1500001ZM5 4.8499999L5 4L5.8200493 4.22365L2.8200493 15.22365L2 15L2.8499999 15L2.8499999 20L2 20L2 19.15L22 19.15L22 20L21.15 20L21.15 15L22 15L21.179951 15.22365L18.179951 4.22365L19 4L19 4.8499999L5 4.8499999ZM2 14.15L22 14.15Q22.083717 14.15 22.165827 14.166332Q22.247936 14.182664 22.325279 14.214701Q22.402624 14.246738 22.472233 14.293249Q22.541842 14.339761 22.60104 14.398958Q22.660236 14.458155 22.706747 14.527763Q22.753258 14.597372 22.785295 14.674717Q22.817333 14.752063 22.833666 14.834172Q22.849998 14.916282 22.85 15Q22.849998 15.083717 22.833666 15.165826Q22.817333 15.247934 22.785294 15.325279Q22.753258 15.402624 22.706747 15.472233Q22.660236 15.541842 22.60104 15.60104Q22.541842 15.660236 22.472233 15.706747Q22.402624 15.753258 22.325279 15.785295Q22.247936 15.817333 22.165825 15.833666Q22.083717 15.849999 22 15.85L2 15.85Q1.9162822 15.849999 1.8341731 15.833667Q1.752064 15.817333 1.6747189 15.785296Q1.5973737 15.753259 1.5277652 15.706747Q1.4581563 15.660236 1.3989592 15.60104Q1.3397617 15.541842 1.2932508 15.472233Q1.2467396 15.402624 1.2147022 15.325279Q1.1826649 15.247934 1.1663324 15.165826Q1.1499999 15.083717 1.15 15Q1.1499999 14.916282 1.1663325 14.834172Q1.1826649 14.752063 1.2147022 14.674717Q1.2467396 14.597372 1.2932507 14.527763Q1.3397617 14.458155 1.3989592 14.398957Q1.4581563 14.33976 1.5277652 14.293249Q1.5973737 14.246737 1.6747189 14.214701Q1.752064 14.182664 1.8341731 14.166332Q1.9162822 14.15 2 14.15ZM17 17.15L17.01 17.15Q17.093716 17.15 17.175825 17.166332Q17.257933 17.182663 17.335278 17.214701Q17.412624 17.246738 17.482233 17.293251Q17.551842 17.33976 17.61104 17.398958Q17.670238 17.458157 17.716747 17.527763Q17.76326 17.597372 17.795296 17.674717Q17.827335 17.752062 17.843666 17.834171Q17.860001 17.916283 17.860001 18Q17.860001 18.083717 17.843668 18.165825Q17.827335 18.247934 17.795296 18.325279Q17.76326 18.402622 17.716747 18.472233Q17.670238 18.541842 17.61104 18.60104Q17.551842 18.660236 17.482233 18.706747Q17.412624 18.753258 17.335278 18.785295Q17.257933 18.817333 17.175823 18.833668Q17.093716 18.849998 17.01 18.85L17 18.85Q16.916283 18.849998 16.834171 18.833666Q16.752064 18.817333 16.674717 18.785294Q16.597374 18.753258 16.527763 18.706747Q16.458157 18.660236 16.398958 18.60104Q16.33976 18.541842 16.293249 18.472233Q16.246738 18.402622 16.214701 18.325279Q16.182663 18.247934 16.16633 18.165825Q16.149998 18.083717 16.15 18Q16.149998 17.916283 16.16633 17.834171Q16.182663 17.752062 16.214701 17.674717Q16.246738 17.597372 16.293249 17.527763Q16.33976 17.458157 16.398958 17.398958Q16.458157 17.33976 16.527763 17.293249Q16.597374 17.246738 16.674717 17.214701Q16.752064 17.182663 16.834171 17.166332Q16.916283 17.15 17 17.15ZM13 17.15L13.01 17.15Q13.093718 17.15 13.175826 17.166332Q13.257935 17.182663 13.335279 17.214701Q13.412624 17.246738 13.482233 17.293251Q13.551843 17.33976 13.61104 17.398958Q13.670237 17.458157 13.716748 17.527763Q13.763259 17.597372 13.795297 17.674717Q13.827333 17.752062 13.843667 17.834171Q13.86 17.916283 13.860001 18Q13.86 18.083717 13.843666 18.165825Q13.827333 18.247934 13.795296 18.325279Q13.763258 18.402622 13.716747 18.472233Q13.670237 18.541842 13.61104 18.60104Q13.551843 18.660236 13.482233 18.706747Q13.412624 18.753258 13.335279 18.785295Q13.257935 18.817333 13.175826 18.833668Q13.093718 18.849998 13.01 18.85L13 18.85Q12.916282 18.849998 12.834172 18.833666Q12.752062 18.817333 12.674717 18.785294Q12.597372 18.753258 12.527763 18.706747Q12.458156 18.660236 12.398958 18.60104Q12.339761 18.541842 12.29325 18.472233Q12.246738 18.402622 12.214701 18.325279Q12.182663 18.247934 12.166331 18.165825Q12.15 18.083717 12.15 18Q12.15 17.916283 12.166331 17.834171Q12.182663 17.752062 12.214701 17.674717Q12.246738 17.597372 12.293249 17.527763Q12.339761 17.458157 12.398958 17.398958Q12.458156 17.33976 12.527764 17.293249Q12.597373 17.246738 12.674718 17.214701Q12.752063 17.182663 12.834172 17.166332Q12.916282 17.15 13 17.15Z"/></svg>
utilities-terminal-symbolic	<svg xmlns="http://www.w3.org/2000/svg" xmlns:xlink="http://www.w3.org/1999/xlink" width="24" height="24"><path d="M3 3.1500001L21 3.1500001Q21.083717 3.1500001 21.165825 3.1663325Q21.247936 3.1826651 21.325279 3.2147024Q21.402624 3.2467399 21.472233 3.2932506Q21.541842 3.3397617 21.60104 3.3989592Q21.660236 3.4581561 21.706749 3.5277648Q21.753258 3.5973735 21.785295 3.6747189Q21.817333 3.7520638 21.833666 3.834173Q21.849998 3.9162822 21.85 4L21.85 20Q21.849998 20.083717 21.833666 20.165827Q21.817333 20.247936 21.785294 20.325279Q21.753258 20.402624 21.706745 20.472233Q21.660236 20.541842 21.60104 20.60104Q21.541842 20.660236 21.472233 20.706747Q21.402624 20.753258 21.325279 20.785295Q21.247936 20.817333 21.165827 20.833666Q21.083717 20.849998 21 20.85L3 20.85Q2.9162822 20.849998 2.8341732 20.833666Q2.7520638 20.817333 2.6747189 20.785294Q2.5973737 20.753258 2.527765 20.706747Q2.4581563 20.660236 2.3989592 20.60104Q2.3397617 20.541842 2.2932506 20.472233Q2.2467396 20.402624 2.2147021 20.325279Q2.1826649 20.247936 2.1663325 20.165827Q2.1500001 20.083717 2.1500001 20L2.1500001 4Q2.1500001 3.9162822 2.1663325 3.8341727Q2.1826649 3.7520638 2.2147021 3.6747186Q2.2467396 3.5973735 2.2932506 3.5277648Q2.3397617 3.4581561 2.3989592 3.3989592Q2.4581563 3.3397617 2.527765 3.2932508Q2.5973737 3.2467399 2.6747189 3.2147024Q2.7520638 3.1826651 2.834173 3.1663327Q2.9162822 3.1500001 3 3.1500001ZM3 4.8499999L3 4L3.8499999 4L3.8499999 20L3 20L3 19.15L21 19.15L21 20L20.15 20L20.15 4L21 4L21 4.8499999L3 4.8499999ZM7.6010408 8.3989592L10.601041 11.398959Q10.660238 11.458157 10.706749 11.527764Q10.75326 11.597373 10.785297 11.674718Q10.817334 11.752063 10.833667 11.834172Q10.849998 11.916282 10.849999 12Q10.849998 12.083717 10.833667 12.165827Q10.817333 12.247935 10.785296 12.32528Q10.75326 12.402625 10.706748 12.472234Q10.660238 12.541843 10.601041 12.601041L7.6010408 15.601041Q7.5418429 15.660237 7.4722338 15.706747Q7.4026251 15.753258 7.3252802 15.785295Q7.2479353 15.817333 7.1658263 15.833666Q7.0837169 15.849999 6.9999995 15.849999Q6.9162817 15.849999 6.8341722 15.833667Q6.7520628 15.817333 6.6747179 15.785296Q6.597373 15.753259 6.5277648 15.706748Q6.4581561 15.660237 6.3989592 15.601041Q6.3397617 15.541843 6.2932506 15.472234Q6.2467394 15.402624 6.2147017 15.325279Q6.1826639 15.247934 6.1663318 15.165826Q6.1499996 15.083717 6.1499996 15Q6.1499996 14.916282 6.1663318 14.834172Q6.1826639 14.752064 6.2147017 14.674718Q6.2467394 14.597372 6.2932506 14.527763Q6.3397617 14.458156 6.3989592 14.398959L9.3989592 11.398959L10 12L9.3989592 12.601041L6.3989592 9.6010408Q6.3397617 9.5418434 6.2932506 9.4722338Q6.2467394 9.4026251 6.2147017 9.3252802Q6.1826639 9.2479343 6.1663318 9.1658268Q6.1499996 9.0837173 6.1499996 9Q6.1499996 8.9162827 6.1663318 8.8341732Q6.1826639 8.7520638 6.2147017 8.6747189Q6.2467394 8.597374 6.2932506 8.5277653Q6.3397617 8.4581566 6.3989592 8.3989592Q6.4581561 8.3397617 6.5277643 8.2932501Q6.597373 8.2467384 6.6747184 8.2147017Q6.7520633 8.1826649 6.8341727 8.1663322Q6.9162817 8.1499996 6.9999995 8.1499996Q7.0837169 8.1499996 7.1658258 8.1663322Q7.2479353 8.1826649 7.3252802 8.2147017Q7.4026251 8.2467384 7.4722338 8.2932501Q7.5418429 8.3397617 7.6010408 8.3989592ZM13 15.15L17 15.15Q17.083717 15.15 17.165825 15.166332Q17.247934 15.182664 17.325279 15.214701Q17.402622 15.246738 17.472233 15.29325Q17.541842 15.339761 17.60104 15.398958Q17.660236 15.458155 17.706747 15.527763Q17.753258 15.597372 17.785295 15.674717Q17.817333 15.752062 17.833666 15.834172Q17.849998 15.916282 17.85 16Q17.849998 16.083717 17.833668 16.165825Q17.817333 16.247934 17.785297 16.325279Q17.753258 16.402624 17.706747 16.472233Q17.660236 16.541843 17.60104 16.60104Q17.541842 16.660236 17.472233 16.706749Q17.402622 16.75326 17.325279 16.785297Q17.247934 16.817333 17.165825 16.833668Q17.083717 16.849998 17 16.85L13 16.85Q12.916282 16.849998 12.834172 16.833668Q12.752062 16.817333 12.674717 16.785297Q12.597372 16.75326 12.527763 16.706749Q12.458156 16.660236 12.398958 16.60104Q12.339761 16.541843 12.29325 16.472233Q12.246738 16.402624 12.214701 16.325279Q12.182663 16.247934 12.166331 16.165825Q12.15 16.083717 12.15 16Q12.15 15.916282 12.166331 15.834172Q12.182663 15.752062 12.214701 15.674717Q12.246738 15.597372 12.293249 15.527763Q12.339761 15.458155 12.398958 15.398958Q12.458156 15.339761 12.527764 15.293249Q12.597373 15.246738 12.674718 15.214701Q12.752063 15.182664 12.834172 15.166331Q12.916282 15.15 13 15.15Z"/></svg>
view-right-pane-symbolic	<svg xmlns="http://www.w3.org/2000/svg" xmlns:xlink="http://www.w3.org/1999/xlink" width="24" height="24"><path d="M3 3.1500001L21 3.1500001Q21.083717 3.1500001 21.165825 3.1663325Q21.247936 3.1826651 21.325279 3.2147024Q21.402624 3.2467399 21.472233 3.2932506Q21.541842 3.3397617 21.60104 3.3989592Q21.660236 3.4581561 21.706749 3.5277648Q21.753258 3.5973735 21.785295 3.6747189Q21.817333 3.7520638 21.833666 3.834173Q21.849998 3.9162822 21.85 4L21.85 20Q21.849998 20.083717 21.833666 20.165827Q21.817333 20.247936 21.785294 20.325279Q21.753258 20.402624 21.706745 20.472233Q21.660236 20.541842 21.60104 20.60104Q21.541842 20.660236 21.472233 20.706747Q21.402624 20.753258 21.325279 20.785295Q21.247936 20.817333 21.165827 20.833666Q21.083717 20.849998 21 20.85L3 20.85Q2.9162822 20.849998 2.8341732 20.833666Q2.7520638 20.817333 2.6747189 20.785294Q2.5973737 20.753258 2.527765 20.706747Q2.4581563 20.660236 2.3989592 20.60104Q2.3397617 20.541842 2.2932506 20.472233Q2.2467396 20.402624 2.2147021 20.325279Q2.1826649 20.247936 2.1663325 20.165827Q2.1500001 20.083717 2.1500001 20L2.1500001 4Q2.1500001 3.9162822 2.1663325 3.8341727Q2.1826649 3.7520638 2.2147021 3.6747186Q2.2467396 3.5973735 2.2932506 3.5277648Q2.3397617 3.4581561 2.3989592 3.3989592Q2.4581563 3.3397617 2.527765 3.2932508Q2.5973737 3.2467399 2.6747189 3.2147024Q2.7520638 3.1826651 2.834173 3.1663327Q2.9162822 3.1500001 3 3.1500001ZM3 4.8499999L3 4L3.8499999 4L3.8499999 20L3 20L3 19.15L21 19.15L21 20L20.15 20L20.15 4L21 4L21 4.8499999L3 4.8499999ZM15.85 4L15.85 20Q15.849999 20.083717 15.833667 20.165827Q15.817333 20.247936 15.785296 20.325279Q15.753259 20.402624 15.706747 20.472233Q15.660236 20.541842 15.60104 20.60104Q15.541842 20.660236 15.472233 20.706747Q15.402624 20.753258 15.325279 20.785295Q15.247934 20.817333 15.165826 20.833666Q15.083717 20.849998 15 20.85Q14.916282 20.849998 14.834172 20.833666Q14.752063 20.817333 14.674717 20.785294Q14.597372 20.753258 14.527763 20.706747Q14.458155 20.660236 14.398957 20.60104Q14.33976 20.541842 14.293248 20.472233Q14.246737 20.402624 14.2147 20.325279Q14.182663 20.247936 14.16633 20.165827Q14.149999 20.083717 14.15 20L14.15 4Q14.149999 3.9162822 14.16633 3.8341727Q14.182663 3.7520638 14.214701 3.6747186Q14.246737 3.5973735 14.293249 3.5277648Q14.33976 3.4581561 14.398958 3.3989592Q14.458155 3.3397617 14.527763 3.2932508Q14.597372 3.2467399 14.674717 3.2147024Q14.752063 3.1826651 14.834172 3.1663327Q14.916282 3.1500001 15 3.1500001Q15.083717 3.1500001 15.165826 3.1663325Q15.247934 3.1826651 15.325279 3.2147024Q15.402624 3.2467399 15.472233 3.2932506Q15.541842 3.3397617 15.60104 3.3989592Q15.660236 3.4581561 15.706747 3.5277648Q15.753258 3.5973735 15.785295 3.6747189Q15.817333 3.7520638 15.833666 3.834173Q15.849999 3.9162822 15.85 4Z"/></svg>
view-filter-symbolic	<svg xmlns="http://www.w3.org/2000/svg" xmlns:xlink="http://www.w3.org/1999/xlink" width="24" height="24"><path d="M3 5.1500001L21 5.1500001Q21.083717 5.1500001 21.165825 5.1663322Q21.247936 5.1826649 21.325279 5.2147017Q21.402624 5.2467394 21.472233 5.2932506Q21.541842 5.3397617 21.60104 5.3989592Q21.660236 5.4581566 21.706749 5.5277653Q21.753258 5.597374 21.785295 5.6747189Q21.817333 5.7520638 21.833666 5.8341727Q21.849998 5.9162822 21.85 6Q21.849998 6.0837173 21.833666 6.1658263Q21.817333 6.2479353 21.785294 6.3252802Q21.753258 6.4026251 21.706745 6.4722338Q21.660236 6.5418425 21.60104 6.6010399Q21.541842 6.6602373 21.472233 6.7067485Q21.402624 6.7532597 21.325279 6.7852969Q21.247936 6.8173342 21.165827 6.8336673Q21.083717 6.8499994 21 6.8499999L3 6.8499999Q2.9162822 6.8499994 2.8341732 6.8336673Q2.7520638 6.8173347 2.6747189 6.7852974Q2.5973737 6.7532597 2.527765 6.706749Q2.4581563 6.6602378 2.3989592 6.6010408Q2.3397617 6.5418434 2.2932506 6.4722342Q2.2467396 6.4026251 2.2147021 6.3252802Q2.1826649 6.2479353 2.1663325 6.1658263Q2.1500001 6.0837173 2.1500001 6Q2.1500001 5.9162822 2.1663325 5.8341732Q2.1826649 5.7520638 2.2147021 5.6747189Q2.2467396 5.597374 2.2932506 5.5277653Q2.3397617 5.4581566 2.3989592 5.3989592Q2.4581563 5.3397617 2.527765 5.2932506Q2.5973737 5.2467394 2.6747189 5.2147021Q2.7520638 5.1826649 2.834173 5.1663322Q2.9162822 5.1500001 3 5.1500001ZM6 11.15L18 11.15Q18.083717 11.15 18.165825 11.166332Q18.247934 11.182664 18.325279 11.214701Q18.402622 11.246738 18.472233 11.293249Q18.541842 11.339761 18.60104 11.398958Q18.660236 11.458156 18.706747 11.527764Q18.753258 11.597373 18.785295 11.674718Q18.817333 11.752063 18.833668 11.834172Q18.849998 11.916282 18.85 12Q18.849998 12.083717 18.833666 12.165827Q18.817333 12.247935 18.785294 12.32528Q18.753258 12.402625 18.706747 12.472234Q18.660236 12.541842 18.60104 12.60104Q18.541842 12.660237 18.472233 12.706748Q18.402622 12.75326 18.325279 12.785297Q18.247934 12.817335 18.165825 12.833668Q18.083717 12.85 18 12.85L6 12.85Q5.9162822 12.85 5.8341732 12.833668Q5.7520638 12.817335 5.6747189 12.785297Q5.597374 12.75326 5.5277653 12.706749Q5.4581566 12.660237 5.3989592 12.60104Q5.3397617 12.541842 5.2932501 12.472233Q5.2467389 12.402624 5.2147017 12.325279Q5.1826644 12.247934 5.1663322 12.165826Q5.1499996 12.083717 5.1500001 12Q5.1499996 11.916282 5.1663322 11.834172Q5.1826644 11.752062 5.2147017 11.674717Q5.2467389 11.597372 5.2932501 11.527764Q5.3397617 11.458156 5.3989592 11.398958Q5.4581566 11.339761 5.5277653 11.29325Q5.597374 11.246738 5.6747189 11.214701Q5.7520638 11.182664 5.8341727 11.166331Q5.9162822 11.15 6 11.15ZM9 17.15L15 17.15Q15.083717 17.15 15.165826 17.166332Q15.247934 17.182663 15.325279 17.214701Q15.402624 17.246738 15.472233 17.293251Q15.541842 17.33976 15.60104 17.398958Q15.660236 17.458157 15.706747 17.527763Q15.753258 17.597372 15.785295 17.674717Q15.817333 17.752062 15.833666 17.834171Q15.849999 17.916283 15.85 18Q15.849999 18.083717 15.833667 18.165825Q15.817333 18.247934 15.785296 18.325279Q15.753259 18.402622 15.706747 18.472233Q15.660236 18.541842 15.60104 18.60104Q15.541842 18.660236 15.472233 18.706747Q15.402624 18.753258 15.325279 18.785295Q15.247934 18.817333 15.165826 18.833668Q15.083717 18.849998 15 18.85L9 18.85Q8.9162817 18.849998 8.8341722 18.833666Q8.7520628 18.817333 8.6747179 18.785294Q8.597373 18.753258 8.5277643 18.706747Q8.4581556 18.660236 8.3989582 18.60104Q8.3397608 18.541842 8.2932501 18.472233Q8.2467384 18.402622 8.2147017 18.325279Q8.1826649 18.247934 8.1663322 18.165825Q8.1499996 18.083717 8.1499996 18Q8.1499996 17.916283 8.1663322 17.834171Q8.1826639 17.752062 8.2147007 17.674717Q8.2467384 17.597372 8.2932491 17.527763Q8.3397608 17.458157 8.3989582 17.398958Q8.4581556 17.33976 8.5277643 17.293249Q8.597373 17.246738 8.6747179 17.214701Q8.7520628 17.182663 8.8341722 17.166332Q8.9162817 17.15 9 17.15Z"/></svg>
open-menu-symbolic	<svg xmlns="http://www.w3.org/2000/svg" xmlns:xlink="http://www.w3.org/1999/xlink" width="24" height="24"><path d="M4 5.1500001L20 5.1500001Q20.083717 5.1500001 20.165827 5.1663322Q20.247936 5.1826649 20.325279 5.2147017Q20.402624 5.2467394 20.472233 5.2932506Q20.541842 5.3397617 20.60104 5.3989592Q20.660236 5.4581566 20.706747 5.5277653Q20.753258 5.597374 20.785295 5.6747189Q20.817333 5.7520638 20.833666 5.8341727Q20.849998 5.9162822 20.85 6Q20.849998 6.0837173 20.833666 6.1658263Q20.817333 6.2479353 20.785294 6.3252802Q20.753258 6.4026251 20.706747 6.4722338Q20.660236 6.5418425 20.60104 6.6010399Q20.541842 6.6602373 20.472233 6.7067485Q20.402624 6.7532597 20.325279 6.7852969Q20.247936 6.8173342 20.165827 6.8336673Q20.083717 6.8499994 20 6.8499999L4 6.8499999Q3.9162822 6.8499994 3.8341727 6.8336673Q3.7520638 6.8173347 3.6747186 6.7852974Q3.5973735 6.7532597 3.5277648 6.706749Q3.4581561 6.6602378 3.3989592 6.6010408Q3.3397617 6.5418434 3.2932508 6.4722342Q3.2467399 6.4026251 3.2147024 6.3252802Q3.1826651 6.2479353 3.1663327 6.1658263Q3.1500001 6.0837173 3.1500001 6Q3.1500001 5.9162822 3.1663325 5.8341732Q3.1826651 5.7520638 3.2147024 5.6747189Q3.2467399 5.597374 3.2932506 5.5277653Q3.3397617 5.4581566 3.3989592 5.3989592Q3.4581561 5.3397617 3.5277648 5.2932506Q3.5973735 5.2467394 3.6747189 5.2147021Q3.7520638 5.1826649 3.834173 5.1663322Q3.9162822 5.1500001 4 5.1500001ZM4 11.15L20 11.15Q20.083717 11.15 20.165827 11.166332Q20.247936 11.182664 20.325279 11.214701Q20.402624 11.246738 20.472233 11.293249Q20.541842 11.339761 20.60104 11.398958Q20.660236 11.458156 20.706747 11.527764Q20.753258 11.597373 20.785295 11.674718Q20.817333 11.752063 20.833666 11.834172Q20.849998 11.916282 20.85 12Q20.849998 12.083717 20.833666 12.165827Q20.817333 12.247935 20.785294 12.32528Q20.753258 12.402625 20.706747 12.472234Q20.660236 12.541842 20.60104 12.60104Q20.541842 12.660237 20.472233 12.706748Q20.402624 12.75326 20.325279 12.785297Q20.247936 12.817335 20.165827 12.833668Q20.083717 12.85 20 12.85L4 12.85Q3.9162822 12.85 3.8341727 12.833668Q3.7520638 12.817335 3.6747186 12.785297Q3.5973735 12.75326 3.5277648 12.706749Q3.4581561 12.660237 3.3989592 12.60104Q3.3397617 12.541842 3.2932508 12.472233Q3.2467399 12.402624 3.2147024 12.325279Q3.1826651 12.247934 3.1663327 12.165826Q3.1500001 12.083717 3.1500001 12Q3.1500001 11.916282 3.1663325 11.834172Q3.1826651 11.752062 3.2147024 11.674717Q3.2467399 11.597372 3.2932506 11.527764Q3.3397617 11.458156 3.3989592 11.398958Q3.4581561 11.339761 3.5277648 11.29325Q3.5973735 11.246738 3.6747189 11.214701Q3.7520638 11.182664 3.834173 11.166331Q3.9162822 11.15 4 11.15ZM4 17.15L20 17.15Q20.083717 17.15 20.165827 17.166332Q20.247936 17.182663 20.325279 17.214701Q20.402624 17.246738 20.472233 17.293251Q20.541842 17.33976 20.60104 17.398958Q20.660236 17.458157 20.706747 17.527763Q20.753258 17.597372 20.785295 17.674717Q20.817333 17.752062 20.833666 17.834171Q20.849998 17.916283 20.85 18Q20.849998 18.083717 20.833666 18.165825Q20.817333 18.247934 20.785294 18.325279Q20.753258 18.402622 20.706747 18.472233Q20.660236 18.541842 20.60104 18.60104Q20.541842 18.660236 20.472233 18.706747Q20.402624 18.753258 20.325279 18.785295Q20.247936 18.817333 20.165827 18.833668Q20.083717 18.849998 20 18.85L4 18.85Q3.9162822 18.849998 3.8341727 18.833666Q3.7520638 18.817333 3.6747186 18.785294Q3.5973735 18.753258 3.5277648 18.706747Q3.4581561 18.660236 3.3989592 18.60104Q3.3397617 18.541842 3.2932508 18.472233Q3.2467399 18.402622 3.2147024 18.325279Q3.1826651 18.247934 3.1663327 18.165825Q3.1500001 18.083717 3.1500001 18Q3.1500001 17.916283 3.1663325 17.834171Q3.1826651 17.752062 3.2147024 17.674717Q3.2467399 17.597372 3.2932506 17.527763Q3.3397617 17.458157 3.3989592 17.398958Q3.4581561 17.33976 3.5277648 17.293249Q3.5973735 17.246738 3.6747189 17.214701Q3.7520638 17.182663 3.834173 17.166332Q3.9162822 17.15 4 17.15Z"/></svg>
non-starred-symbolic starred-symbolic	<svg xmlns="http://www.w3.org/2000/svg" xmlns:xlink="http://www.w3.org/1999/xlink" width="24" height="24"><path d="M12.760263 2.6198685L15.760263 8.6198683L15 9L15.120208 8.1585426L22.120209 9.1585426Q22.203083 9.1703815 22.282057 9.1981621Q22.361031 9.2259426 22.433067 9.2685957Q22.505104 9.3112488 22.567436 9.367137Q22.629768 9.4230251 22.68 9.4899998Q22.73023 9.5569735 22.76643 9.6324596Q22.802628 9.7079468 22.823404 9.7890453Q22.844181 9.8701439 22.84874 9.9537373Q22.853296 10.037331 22.841457 10.120208Q22.821949 10.256758 22.760262 10.380131Q22.698576 10.503506 22.60104 10.601041L17.60104 15.601041L17 15L17.841457 14.879792L18.841457 21.879791Q18.853296 21.962666 18.84874 22.046259Q18.844181 22.129852 18.823404 22.210951Q18.802628 22.292049 18.766428 22.367537Q18.730228 22.443024 18.679998 22.509998Q18.629768 22.576971 18.567436 22.632858Q18.505104 22.688745 18.433067 22.7314Q18.361031 22.774054 18.282057 22.801836Q18.203083 22.829617 18.120209 22.841457Q17.857357 22.879007 17.619869 22.760263L11.619868 19.760263L12 19L12.380132 19.760263L6.3801317 22.760263Q6.3052521 22.797703 6.2245073 22.819813Q6.1437626 22.841923 6.0602555 22.847858Q5.9767485 22.853794 5.8936877 22.843323Q5.8106275 22.832853 5.7312059 22.806381Q5.6517839 22.779907 5.5790534 22.738447Q5.5063224 22.696987 5.4430776 22.642136Q5.3798327 22.587282 5.3285046 22.521145Q5.2771764 22.455009 5.239737 22.380131Q5.1209927 22.142643 5.1585426 21.879791L6.1585431 14.879792L7 15L6.3989592 15.601041L1.3989592 10.601041Q1.3397617 10.541843 1.2932507 10.472234Q1.2467396 10.402625 1.2147021 10.32528Q1.1826649 10.247935 1.1663322 10.165827Q1.1499999 10.083717 1.1499999 10Q1.1499999 9.9162827 1.1663324 9.8341732Q1.1826649 9.7520638 1.2147021 9.6747189Q1.2467396 9.597374 1.2932507 9.5277653Q1.3397617 9.4581566 1.3989592 9.3989592Q1.4964947 9.301424 1.6198684 9.2397366Q1.743242 9.1780491 1.8797917 9.1585426L8.8797922 8.1585426L9 9L8.2397366 8.6198683L11.239737 2.6198685Q11.277176 2.5449891 11.328504 2.4788523Q11.379832 2.4127159 11.443077 2.3578639Q11.506323 2.3030119 11.579053 2.2615523Q11.651785 2.2200928 11.731206 2.193619Q11.810627 2.1671453 11.893688 2.1566744Q11.976748 2.1462035 12.060255 2.1521382Q12.143763 2.1580729 12.224507 2.1801848Q12.305252 2.202297 12.380132 2.2397368Q12.503506 2.3014235 12.601042 2.3989592Q12.698576 2.4964948 12.760263 2.6198685ZM11.239737 3.3801315L12 3L12.760263 3.3801315L9.7602634 9.3801317Q9.7141743 9.4723101 9.6473923 9.5508032Q9.5806103 9.6292963 9.4970036 9.6895552Q9.4133987 9.7498159 9.3178148 9.7883492Q9.2222309 9.8268833 9.1202078 9.8414574L2.1202083 10.841457L2 10L2.6010408 9.3989592L7.6010408 14.398959Q7.6710224 14.468941 7.7230535 14.553129Q7.7750845 14.637317 7.8063807 14.731207Q7.837677 14.825096 7.8465652 14.923664Q7.8554535 15.022233 7.8414569 15.120208L6.8414569 22.120209L6 22L5.6198683 21.239737L11.619868 18.239737Q11.708388 18.195477 11.804709 18.172737Q11.901031 18.15 12 18.15Q12.098969 18.15 12.19529 18.172737Q12.291611 18.195477 12.380132 18.239737L18.380131 21.239737L18 22L17.158543 22.120209L16.158543 15.120208Q16.144547 15.022233 16.153435 14.923664Q16.162323 14.825096 16.193619 14.731206Q16.224915 14.637316 16.276947 14.553129Q16.328979 14.468941 16.39896 14.398959L21.39896 9.3989592L22 10L21.879791 10.841457L14.879792 9.8414574Q14.77777 9.8268833 14.682186 9.7883492Q14.586602 9.7498159 14.502995 9.6895552Q14.419392 9.6292963 14.35261 9.5508032Q14.285827 9.4723101 14.239737 9.3801317L11.239737 3.3801315Z"/></svg>
document-save-symbolic	<svg xmlns="http://www.w3.org/2000/svg" xmlns:xlink="http://www.w3.org/1999/xlink" width="24" height="24"><path d="M4 2.1500001L17 2.1500001Q17.169075 2.1500001 17.325279 2.2147024Q17.481483 2.2794046 17.60104 2.3989592L21.60104 6.3989592Q21.720592 6.5185137 21.785295 6.6747189Q21.849998 6.830924 21.85 7L21.85 21Q21.849998 21.083717 21.833666 21.165825Q21.817333 21.247936 21.785294 21.325279Q21.753258 21.402624 21.706745 21.472233Q21.660236 21.541842 21.60104 21.60104Q21.541842 21.660236 21.472233 21.706749Q21.402624 21.753258 21.325279 21.785295Q21.247936 21.817333 21.165827 21.833666Q21.083717 21.849998 21 21.85L3 21.85Q2.9162822 21.849998 2.8341732 21.833666Q2.7520638 21.817333 2.6747189 21.785294Q2.5973737 21.753258 2.527765 21.706745Q2.4581563 21.660236 2.3989592 21.60104Q2.3397617 21.541842 2.2932506 21.472233Q2.2467396 21.402624 2.2147021 21.325279Q2.1826649 21.247936 2.1663325 21.165827Q2.1500001 21.083717 2.1500001 21L2.1500001 3Q2.1500001 2.9162822 2.1663325 2.8341732Q2.1826649 2.7520638 2.2147021 2.6747189Q2.2467396 2.5973737 2.2932506 2.527765Q2.3397617 2.4581563 2.3989592 2.3989592Q2.4581563 2.3397617 2.527765 2.2932508Q2.5973737 2.2467399 2.6747189 2.2147024Q2.7520638 2.1826651 2.834173 2.1663327Q2.9162822 2.1500001 3 2.1500001L4 2.1500001ZM4 3.8499999L3 3.8499999L3 3L3.8499999 3L3.8499999 21L3 21L3 20.15L21 20.15L21 21L20.15 21L20.15 7L21 7L20.39896 7.6010408L16.39896 3.6010408L17 3L17 3.8499999L4 3.8499999ZM7.8499999 3L7.8499999 9L7 9L7 8.1499996L16 8.1499996L16 9L15.15 9L15.15 3Q15.149999 2.9162822 15.16633 2.8341732Q15.182663 2.7520638 15.214701 2.6747189Q15.246737 2.5973737 15.293248 2.527765Q15.33976 2.4581563 15.398958 2.3989592Q15.458155 2.3397617 15.527763 2.2932508Q15.597372 2.2467399 15.674717 2.2147024Q15.752062 2.1826651 15.834172 2.1663327Q15.916282 2.1500001 16 2.1500001Q16.083717 2.1500001 16.165825 2.1663325Q16.247934 2.1826651 16.325279 2.2147024Q16.402624 2.2467399 16.472233 2.2932506Q16.541843 2.3397617 16.60104 2.3989592Q16.660236 2.4581563 16.706749 2.527765Q16.75326 2.5973737 16.785297 2.6747189Q16.817333 2.7520638 16.833668 2.834173Q16.849998 2.9162822 16.85 3L16.85 9Q16.849998 9.0837173 16.833668 9.1658258Q16.817333 9.2479343 16.785297 9.3252802Q16.75326 9.4026251 16.706749 9.4722338Q16.660236 9.5418434 16.60104 9.6010408Q16.541843 9.6602383 16.472233 9.706749Q16.402624 9.7532597 16.325279 9.7852974Q16.247934 9.8173351 16.165825 9.8336678Q16.083717 9.8500004 16 9.8500004L7 9.8500004Q6.9162817 9.8500004 6.8341732 9.8336678Q6.7520638 9.8173351 6.6747189 9.7852974Q6.597374 9.7532597 6.5277653 9.706749Q6.4581566 9.6602383 6.3989592 9.6010408Q6.3397617 9.5418434 6.2932506 9.4722338Q6.2467394 9.4026251 6.2147021 9.3252802Q6.1826649 9.2479343 6.1663322 9.1658268Q6.1499996 9.0837173 6.1500001 9L6.1500001 3Q6.1499996 2.9162822 6.1663322 2.8341732Q6.1826644 2.7520638 6.2147017 2.6747189Q6.2467394 2.5973737 6.2932506 2.527765Q6.3397617 2.4581563 6.3989592 2.3989592Q6.4581566 2.3397617 6.5277653 2.2932508Q6.597374 2.2467399 6.6747189 2.2147024Q6.7520638 2.1826651 6.8341727 2.1663327Q6.9162817 2.1500001 7 2.1500001Q7.0837173 2.1500001 7.1658263 2.1663325Q7.2479353 2.1826651 7.3252802 2.2147024Q7.4026251 2.2467399 7.4722338 2.2932506Q7.5418425 2.3397617 7.6010399 2.3989592Q7.6602373 2.4581563 7.706748 2.527765Q7.7532587 2.5973737 7.7852964 2.6747189Q7.8173342 2.7520638 7.8336668 2.834173Q7.8499994 2.9162822 7.8499999 3ZM6.1500001 21L6.1500001 13Q6.1499996 12.916282 6.1663322 12.834172Q6.1826644 12.752062 6.2147017 12.674717Q6.2467394 12.597372 6.2932506 12.527763Q6.3397617 12.458156 6.3989592 12.398958Q6.4581566 12.339761 6.5277653 12.29325Q6.597374 12.246738 6.6747189 12.214701Q6.7520638 12.182664 6.8341727 12.166331Q6.9162817 12.15 7 12.15L17 12.15Q17.083717 12.15 17.165825 12.166332Q17.247934 12.182664 17.325279 12.214701Q17.402622 12.246738 17.472233 12.293249Q17.541842 12.339761 17.60104 12.398958Q17.660236 12.458156 17.706747 12.527764Q17.753258 12.597373 17.785295 12.674718Q17.817333 12.752063 17.833666 12.834172Q17.849998 12.916282 17.85 13L17.85 21Q17.849998 21.083717 17.833668 21.165825Q17.817333 21.247936 17.785297 21.325279Q17.753258 21.402624 17.706747 21.472233Q17.660236 21.541842 17.60104 21.60104Q17.541842 21.660236 17.472233 21.706749Q17.402622 21.753258 17.325279 21.785295Q17.247934 21.817333 17.165825 21.833666Q17.083717 21.849998 17 21.85Q16.916283 21.849998 16.834171 21.833666Q16.752064 21.817333 16.674717 21.785294Q16.597374 21.753258 16.527763 21.706745Q16.458157 21.660236 16.398958 21.60104Q16.33976 21.541842 16.293249 21.472233Q16.246738 21.402624 16.214701 21.325279Q16.182663 21.247936 16.16633 21.165827Q16.149998 21.083717 16.15 21L16.15 13L17 13L17 13.85L7 13.85L7 13L7.8499999 13L7.8499999 21Q7.8499994 21.083717 7.8336668 21.165825Q7.8173342 21.247936 7.7852964 21.325279Q7.7532592 21.402624 7.706748 21.472233Q7.6602373 21.541842 7.6010404 21.60104Q7.5418425 21.660236 7.4722338 21.706749Q7.4026251 21.753258 7.3252802 21.785295Q7.2479353 21.817333 7.1658263 21.833666Q7.0837173 21.849998 7 21.85Q6.9162817 21.849998 6.8341732 21.833666Q6.7520638 21.817333 6.6747189 21.785294Q6.597374 21.753258 6.5277653 21.706745Q6.4581566 21.660236 6.3989592 21.60104Q6.3397617 21.541842 6.2932506 21.472233Q6.2467394 21.402624 6.2147021 21.325279Q6.1826649 21.247936 6.1663322 21.165827Q6.1499996 21.083717 6.1500001 21Z"/></svg>
emblem-system-symbolic	<svg xmlns="http://www.w3.org/2000/svg" xmlns:xlink="http://www.w3.org/1999/xlink" width="24" height="24"><path d="M4 5.1500001L20 5.1500001Q20.083717 5.1500001 20.165827 5.1663322Q20.247936 5.1826649 20.325279 5.2147017Q20.402624 5.2467394 20.472233 5.2932506Q20.541842 5.3397617 20.60104 5.3989592Q20.660236 5.4581566 20.706747 5.5277653Q20.753258 5.597374 20.785295 5.6747189Q20.817333 5.7520638 20.833666 5.8341727Q20.849998 5.9162822 20.85 6Q20.849998 6.0837173 20.833666 6.1658263Q20.817333 6.2479353 20.785294 6.3252802Q20.753258 6.4026251 20.706747 6.4722338Q20.660236 6.5418425 20.60104 6.6010399Q20.541842 6.6602373 20.472233 6.7067485Q20.402624 6.7532597 20.325279 6.7852969Q20.247936 6.8173342 20.165827 6.8336673Q20.083717 6.8499994 20 6.8499999L4 6.8499999Q3.9162822 6.8499994 3.8341727 6.8336673Q3.7520638 6.8173347 3.6747186 6.7852974Q3.5973735 6.7532597 3.5277648 6.706749Q3.4581561 6.6602378 3.3989592 6.6010408Q3.3397617 6.5418434 3.2932508 6.4722342Q3.2467399 6.4026251 3.2147024 6.3252802Q3.1826651 6.2479353 3.1663327 6.1658263Q3.1500001 6.0837173 3.1500001 6Q3.1500001 5.9162822 3.1663325 5.8341732Q3.1826651 5.7520638 3.2147024 5.6747189Q3.2467399 5.597374 3.2932506 5.5277653Q3.3397617 5.4581566 3.3989592 5.3989592Q3.4581561 5.3397617 3.5277648 5.2932506Q3.5973735 5.2467394 3.6747189 5.2147021Q3.7520638 5.1826649 3.834173 5.1663322Q3.9162822 5.1500001 4 5.1500001ZM4 11.15L20 11.15Q20.083717 11.15 20.165827 11.166332Q20.247936 11.182664 20.325279 11.214701Q20.402624 11.246738 20.472233 11.293249Q20.541842 11.339761 20.60104 11.398958Q20.660236 11.458156 20.706747 11.527764Q20.753258 11.597373 20.785295 11.674718Q20.817333 11.752063 20.833666 11.834172Q20.849998 11.916282 20.85 12Q20.849998 12.083717 20.833666 12.165827Q20.817333 12.247935 20.785294 12.32528Q20.753258 12.402625 20.706747 12.472234Q20.660236 12.541842 20.60104 12.60104Q20.541842 12.660237 20.472233 12.706748Q20.402624 12.75326 20.325279 12.785297Q20.247936 12.817335 20.165827 12.833668Q20.083717 12.85 20 12.85L4 12.85Q3.9162822 12.85 3.8341727 12.833668Q3.7520638 12.817335 3.6747186 12.785297Q3.5973735 12.75326 3.5277648 12.706749Q3.4581561 12.660237 3.3989592 12.60104Q3.3397617 12.541842 3.2932508 12.472233Q3.2467399 12.402624 3.2147024 12.325279Q3.1826651 12.247934 3.1663327 12.165826Q3.1500001 12.083717 3.1500001 12Q3.1500001 11.916282 3.1663325 11.834172Q3.1826651 11.752062 3.2147024 11.674717Q3.2467399 11.597372 3.2932506 11.527764Q3.3397617 11.458156 3.3989592 11.398958Q3.4581561 11.339761 3.5277648 11.29325Q3.5973735 11.246738 3.6747189 11.214701Q3.7520638 11.182664 3.834173 11.166331Q3.9162822 11.15 4 11.15ZM4 17.15L20 17.15Q20.083717 17.15 20.165827 17.166332Q20.247936 17.182663 20.325279 17.214701Q20.402624 17.246738 20.472233 17.293251Q20.541842 17.33976 20.60104 17.398958Q20.660236 17.458157 20.706747 17.527763Q20.753258 17.597372 20.785295 17.674717Q20.817333 17.752062 20.833666 17.834171Q20.849998 17.916283 20.85 18Q20.849998 18.083717 20.833666 18.165825Q20.817333 18.247934 20.785294 18.325279Q20.753258 18.402622 20.706747 18.472233Q20.660236 18.541842 20.60104 18.60104Q20.541842 18.660236 20.472233 18.706747Q20.402624 18.753258 20.325279 18.785295Q20.247936 18.817333 20.165827 18.833668Q20.083717 18.849998 20 18.85L4 18.85Q3.9162822 18.849998 3.8341727 18.833666Q3.7520638 18.817333 3.6747186 18.785294Q3.5973735 18.753258 3.5277648 18.706747Q3.4581561 18.660236 3.3989592 18.60104Q3.3397617 18.541842 3.2932508 18.472233Q3.2467399 18.402622 3.2147024 18.325279Q3.1826651 18.247934 3.1663327 18.165825Q3.1500001 18.083717 3.1500001 18Q3.1500001 17.916283 3.1663325 17.834171Q3.1826651 17.752062 3.2147024 17.674717Q3.2467399 17.597372 3.2932506 17.527763Q3.3397617 17.458157 3.3989592 17.398958Q3.4581561 17.33976 3.5277648 17.293249Q3.5973735 17.246738 3.6747189 17.214701Q3.7520638 17.182663 3.834173 17.166332Q3.9162822 17.15 4 17.15ZM8.8500004 3L8.8500004 9Q8.8500004 9.0837173 8.8336678 9.1658258Q8.8173351 9.2479343 8.7852974 9.3252802Q8.7532597 9.4026251 8.706749 9.4722338Q8.6602383 9.5418434 8.6010408 9.6010408Q8.5418434 9.6602383 8.4722338 9.706749Q8.4026251 9.7532597 8.3252802 9.7852974Q8.2479353 9.8173351 8.1658268 9.8336678Q8.0837173 9.8500004 8 9.8500004Q7.9162817 9.8500004 7.8341727 9.8336678Q7.7520633 9.8173351 7.6747179 9.7852974Q7.597373 9.7532597 7.5277643 9.706749Q7.4581556 9.6602383 7.3989587 9.6010408Q7.3397608 9.5418434 7.2932501 9.4722338Q7.2467384 9.4026251 7.2147017 9.3252802Q7.1826644 9.2479343 7.1663318 9.1658268Q7.1499996 9.0837173 7.1500001 9L7.1500001 3Q7.1499996 2.9162822 7.1663322 2.8341732Q7.1826644 2.7520638 7.2147017 2.6747189Q7.2467384 2.5973737 7.2932496 2.527765Q7.3397608 2.4581563 7.3989582 2.3989592Q7.4581556 2.3397617 7.5277638 2.2932508Q7.597373 2.2467399 7.6747179 2.2147024Q7.7520633 2.1826651 7.8341727 2.1663327Q7.9162817 2.1500001 8 2.1500001Q8.0837173 2.1500001 8.1658268 2.1663325Q8.2479353 2.1826651 8.3252802 2.2147024Q8.4026251 2.2467399 8.4722338 2.2932506Q8.5418434 2.3397617 8.6010408 2.3989592Q8.6602383 2.4581563 8.706749 2.527765Q8.7532597 2.5973737 8.7852974 2.6747189Q8.8173351 2.7520638 8.8336678 2.834173Q8.8500004 2.9162822 8.8500004 3ZM16.85 9L16.85 15Q16.849998 15.083717 16.833668 15.165826Q16.817333 15.247934 16.785297 15.325279Q16.75326 15.402624 16.706749 15.472233Q16.660236 15.541842 16.60104 15.60104Q16.541843 15.660236 16.472233 15.706747Q16.402624 15.753258 16.325279 15.785295Q16.247934 15.817333 16.165825 15.833666Q16.083717 15.849999 16 15.85Q15.916282 15.849999 15.834172 15.833667Q15.752062 15.817333 15.674717 15.785296Q15.597372 15.753259 15.527763 15.706747Q15.458155 15.660236 15.398958 15.60104Q15.33976 15.541842 15.293248 15.472233Q15.246737 15.402624 15.2147 15.325279Q15.182663 15.247934 15.16633 15.165826Q15.149999 15.083717 15.15 15L15.15 9Q15.149999 8.9162817 15.16633 8.8341722Q15.182663 8.7520628 15.214701 8.6747179Q15.246737 8.597373 15.293248 8.5277643Q15.33976 8.4581556 15.398958 8.3989582Q15.458155 8.3397608 15.527763 8.2932501Q15.597372 8.2467384 15.674717 8.2147017Q15.752062 8.1826649 15.834172 8.1663322Q15.916282 8.1499996 16 8.1499996Q16.083717 8.1499996 16.165825 8.1663322Q16.247934 8.1826639 16.325279 8.2147007Q16.402624 8.2467384 16.472233 8.2932491Q16.541843 8.3397608 16.60104 8.3989582Q16.660236 8.4581556 16.706749 8.5277643Q16.75326 8.597373 16.785297 8.6747179Q16.817333 8.7520628 16.833668 8.8341722Q16.849998 8.9162817 16.85 9ZM10.85 15L10.85 21Q10.85 21.083717 10.833667 21.165825Q10.817334 21.247936 10.785296 21.325279Q10.75326 21.402624 10.706748 21.472233Q10.660237 21.541842 10.60104 21.60104Q10.541842 21.660236 10.472234 21.706749Q10.402625 21.753258 10.32528 21.785295Q10.247935 21.817333 10.165827 21.833666Q10.083717 21.849998 10 21.85Q9.9162817 21.849998 9.8341722 21.833666Q9.7520628 21.817333 9.6747179 21.785294Q9.597373 21.753258 9.5277643 21.706745Q9.4581556 21.660236 9.3989582 21.60104Q9.3397608 21.541842 9.2932491 21.472233Q9.2467384 21.402624 9.2147007 21.325279Q9.1826639 21.247936 9.1663322 21.165827Q9.1499996 21.083717 9.1499996 21L9.1499996 15Q9.1499996 14.916282 9.1663322 14.834172Q9.1826639 14.752063 9.2147007 14.674717Q9.2467384 14.597372 9.2932491 14.527763Q9.3397608 14.458155 9.3989582 14.398957Q9.4581556 14.33976 9.5277643 14.293249Q9.597373 14.246737 9.6747179 14.214701Q9.7520628 14.182664 9.8341722 14.166332Q9.9162817 14.15 10 14.15Q10.083717 14.15 10.165827 14.166332Q10.247935 14.182664 10.32528 14.214701Q10.402625 14.246738 10.472234 14.293249Q10.541842 14.339761 10.60104 14.398958Q10.660237 14.458155 10.706748 14.527763Q10.75326 14.597372 10.785296 14.674717Q10.817334 14.752063 10.833667 14.834172Q10.85 14.916282 10.85 15Z"/></svg>
window-close-symbolic	<svg xmlns="http://www.w3.org/2000/svg" xmlns:xlink="http://www.w3.org/1999/xlink" width="24" height="24"><path d="M6.6010408 5.3989592L18.60104 17.39896Q18.660236 17.458157 18.706747 17.527763Q18.753258 17.597372 18.785294 17.674717Q18.817331 17.752062 18.833664 17.834171Q18.849998 17.916283 18.849998 18Q18.849998 18.083717 18.833664 18.165825Q18.817331 18.247934 18.785294 18.325279Q18.753258 18.402622 18.706747 18.472233Q18.660236 18.541842 18.60104 18.60104Q18.541842 18.660236 18.472233 18.706747Q18.402622 18.753258 18.325279 18.785294Q18.247934 18.817331 18.165825 18.833664Q18.083717 18.849998 18 18.849998Q17.916283 18.849998 17.834171 18.833664Q17.752062 18.817331 17.674717 18.785294Q17.597372 18.753258 17.527765 18.706747Q17.458157 18.660236 17.39896 18.60104L5.3989592 6.6010408Q5.3397617 6.5418434 5.2932501 6.4722342Q5.2467389 6.4026251 5.2147017 6.3252802Q5.1826639 6.2479353 5.1663318 6.1658263Q5.1499996 6.0837173 5.1499996 5.9999995Q5.1499996 5.9162817 5.1663318 5.8341722Q5.1826639 5.7520633 5.2147017 5.6747179Q5.2467389 5.597373 5.2932501 5.5277643Q5.3397617 5.4581561 5.3989592 5.3989592Q5.4581561 5.3397617 5.5277648 5.2932501Q5.597373 5.2467389 5.6747184 5.2147017Q5.7520638 5.1826644 5.8341727 5.1663318Q5.9162822 5.1499996 6 5.1499996Q6.0837173 5.1499996 6.1658263 5.1663322Q6.2479353 5.1826644 6.3252802 5.2147017Q6.4026251 5.2467389 6.4722338 5.2932501Q6.5418434 5.3397617 6.6010408 5.3989592ZM5.3989592 17.39896L17.39896 5.3989592Q17.458157 5.3397617 17.527763 5.2932501Q17.597372 5.2467389 17.674717 5.2147017Q17.752062 5.1826644 17.834171 5.1663318Q17.916283 5.1499996 18 5.1499996Q18.083717 5.1499996 18.165825 5.1663322Q18.247934 5.1826644 18.325279 5.2147017Q18.402622 5.2467389 18.472233 5.2932501Q18.541842 5.3397617 18.60104 5.3989592Q18.660236 5.4581561 18.706747 5.5277648Q18.753258 5.597373 18.785294 5.6747184Q18.817331 5.7520638 18.833664 5.8341727Q18.849998 5.9162822 18.849998 6Q18.849998 6.0837173 18.833664 6.1658263Q18.817331 6.2479353 18.785294 6.3252802Q18.753258 6.4026251 18.706747 6.4722338Q18.660236 6.5418434 18.60104 6.6010408L6.6010408 18.60104Q6.5418434 18.660236 6.4722342 18.706747Q6.4026251 18.753258 6.3252802 18.785294Q6.2479353 18.817331 6.1658263 18.833664Q6.0837173 18.849998 5.9999995 18.849998Q5.9162817 18.849998 5.8341722 18.833664Q5.7520633 18.817331 5.6747179 18.785294Q5.597373 18.753258 5.5277643 18.706747Q5.4581561 18.660236 5.3989592 18.60104Q5.3397617 18.541842 5.2932501 18.472233Q5.2467389 18.402622 5.2147017 18.325279Q5.1826639 18.247934 5.1663318 18.165825Q5.1499996 18.083717 5.1499996 18Q5.1499996 17.916283 5.1663318 17.834171Q5.1826639 17.752062 5.2147017 17.674717Q5.2467389 17.597372 5.2932501 17.527765Q5.3397617 17.458157 5.3989592 17.39896Z"/></svg>
zoom-in-symbolic	<svg xmlns="http://www.w3.org/2000/svg" xmlns:xlink="http://www.w3.org/1999/xlink" width="24" height="24"><path d="M5 11.15L19 11.15Q19.083717 11.15 19.165825 11.166332Q19.247934 11.182664 19.325279 11.214701Q19.402624 11.246738 19.472233 11.293249Q19.541842 11.339761 19.60104 11.398958Q19.660236 11.458156 19.706747 11.527764Q19.753258 11.597373 19.785295 11.674718Q19.817333 11.752063 19.833666 11.834172Q19.849998 11.916282 19.85 12Q19.849998 12.083717 19.833666 12.165827Q19.817333 12.247935 19.785294 12.32528Q19.753258 12.402625 19.706747 12.472234Q19.660236 12.541842 19.60104 12.60104Q19.541842 12.660237 19.472233 12.706748Q19.402624 12.75326 19.325279 12.785297Q19.247934 12.817335 19.165825 12.833668Q19.083717 12.85 19 12.85L5 12.85Q4.9162822 12.85 4.8341732 12.833668Q4.7520638 12.817335 4.6747189 12.785297Q4.597374 12.75326 4.5277653 12.706749Q4.4581566 12.660237 4.3989592 12.60104Q4.3397617 12.541842 4.2932506 12.472233Q4.2467394 12.402624 4.2147021 12.325279Q4.1826649 12.247934 4.1663322 12.165826Q4.1499996 12.083717 4.1500001 12Q4.1499996 11.916282 4.1663322 11.834172Q4.1826644 11.752062 4.2147017 11.674717Q4.2467394 11.597372 4.2932501 11.527764Q4.3397617 11.458156 4.3989592 11.398958Q4.4581566 11.339761 4.5277653 11.29325Q4.597374 11.246738 4.6747189 11.214701Q4.7520638 11.182664 4.8341732 11.166331Q4.9162822 11.15 5 11.15ZM12.85 5L12.85 19Q12.85 19.083717 12.833668 19.165825Q12.817335 19.247934 12.785297 19.325279Q12.75326 19.402624 12.706749 19.472233Q12.660237 19.541842 12.60104 19.60104Q12.541842 19.660236 12.472233 19.706747Q12.402624 19.753258 12.325279 19.785295Q12.247934 19.817333 12.165826 19.833666Q12.083717 19.849998 12 19.85Q11.916282 19.849998 11.834172 19.833666Q11.752062 19.817333 11.674717 19.785294Q11.597372 19.753258 11.527764 19.706747Q11.458156 19.660236 11.398958 19.60104Q11.33976 19.541842 11.293249 19.472233Q11.246737 19.402624 11.2147 19.325279Q11.182663 19.247934 11.16633 19.165825Q11.149999 19.083717 11.15 19L11.15 5Q11.149999 4.9162822 11.166331 4.8341732Q11.182663 4.7520638 11.214701 4.6747189Q11.246738 4.597374 11.293249 4.5277653Q11.33976 4.4581566 11.398958 4.3989592Q11.458156 4.3397617 11.527764 4.2932506Q11.597373 4.2467394 11.674718 4.2147021Q11.752063 4.1826649 11.834172 4.1663327Q11.916282 4.1500001 12 4.1500001Q12.083717 4.1500001 12.165827 4.1663322Q12.247935 4.1826649 12.32528 4.2147021Q12.402625 4.2467394 12.472234 4.2932506Q12.541842 4.3397617 12.60104 4.3989592Q12.660237 4.4581566 12.706748 4.5277653Q12.75326 4.597374 12.785297 4.6747189Q12.817335 4.7520638 12.833668 4.8341732Q12.85 4.9162822 12.85 5Z"/></svg>
zoom-out-symbolic list-remove-symbolic	<svg xmlns="http://www.w3.org/2000/svg" xmlns:xlink="http://www.w3.org/1999/xlink" width="24" height="24"><path d="M5 11.15L19 11.15Q19.083717 11.15 19.165825 11.166332Q19.247934 11.182664 19.325279 11.214701Q19.402624 11.246738 19.472233 11.293249Q19.541842 11.339761 19.60104 11.398958Q19.660236 11.458156 19.706747 11.527764Q19.753258 11.597373 19.785295 11.674718Q19.817333 11.752063 19.833666 11.834172Q19.849998 11.916282 19.85 12Q19.849998 12.083717 19.833666 12.165827Q19.817333 12.247935 19.785294 12.32528Q19.753258 12.402625 19.706747 12.472234Q19.660236 12.541842 19.60104 12.60104Q19.541842 12.660237 19.472233 12.706748Q19.402624 12.75326 19.325279 12.785297Q19.247934 12.817335 19.165825 12.833668Q19.083717 12.85 19 12.85L5 12.85Q4.9162822 12.85 4.8341732 12.833668Q4.7520638 12.817335 4.6747189 12.785297Q4.597374 12.75326 4.5277653 12.706749Q4.4581566 12.660237 4.3989592 12.60104Q4.3397617 12.541842 4.2932506 12.472233Q4.2467394 12.402624 4.2147021 12.325279Q4.1826649 12.247934 4.1663322 12.165826Q4.1499996 12.083717 4.1500001 12Q4.1499996 11.916282 4.1663322 11.834172Q4.1826644 11.752062 4.2147017 11.674717Q4.2467394 11.597372 4.2932501 11.527764Q4.3397617 11.458156 4.3989592 11.398958Q4.4581566 11.339761 4.5277653 11.29325Q4.597374 11.246738 4.6747189 11.214701Q4.7520638 11.182664 4.8341732 11.166331Q4.9162822 11.15 5 11.15Z"/></svg>
system-search-symbolic	<svg xmlns="http://www.w3.org/2000/svg" xmlns:xlink="http://www.w3.org/1999/xlink" width="24" height="24"><path d="M16.60104 15.398959L21.60104 20.39896Q21.660236 20.458157 21.706747 20.527765Q21.753258 20.597372 21.785294 20.674717Q21.817329 20.752062 21.833662 20.834171Q21.849995 20.916279 21.849997 20.999998Q21.849995 21.083714 21.833662 21.165825Q21.817329 21.247932 21.785294 21.325279Q21.753258 21.402624 21.706745 21.472233Q21.660236 21.541842 21.60104 21.60104Q21.541842 21.660236 21.472231 21.706747Q21.402622 21.753258 21.325277 21.785294Q21.247932 21.817329 21.165825 21.833662Q21.083714 21.849995 20.999998 21.849997Q20.916279 21.849995 20.834171 21.833662Q20.752062 21.817329 20.674717 21.785294Q20.597372 21.753258 20.527763 21.706745Q20.458157 21.660236 20.39896 21.60104L15.398959 16.60104Q15.339762 16.541843 15.29325 16.472233Q15.246738 16.402624 15.214702 16.325279Q15.182664 16.247932 15.166331 16.165825Q15.15 16.083715 15.15 15.999998Q15.15 15.916281 15.166331 15.834171Q15.182664 15.752062 15.214702 15.674718Q15.246738 15.597373 15.29325 15.527764Q15.339762 15.458157 15.398959 15.398959Q15.458157 15.339762 15.527764 15.29325Q15.597372 15.246738 15.674717 15.214702Q15.752062 15.182665 15.834171 15.166332Q15.916281 15.15 15.999998 15.15Q16.083715 15.15 16.165825 15.166332Q16.247932 15.182665 16.325279 15.214702Q16.402624 15.246738 16.472233 15.29325Q16.541843 15.339762 16.60104 15.398959ZM18.85 10Q18.85 13.665789 16.257895 16.257895Q13.665789 18.85 10 18.85Q6.3342104 18.85 3.7421045 16.257895Q1.1499996 13.66579 1.149999 10Q1.15 6.3342094 3.7421045 3.7421045Q6.3342094 1.1499996 10 1.149999Q13.66579 1.15 16.257895 3.7421045Q18.85 6.3342104 18.85 10Q18.849998 10.083717 18.833666 10.165827Q18.817333 10.247935 18.785294 10.32528Q18.753258 10.402625 18.706747 10.472234Q18.660236 10.541842 18.60104 10.60104Q18.541842 10.660237 18.472233 10.706748Q18.402622 10.75326 18.325279 10.785296Q18.247934 10.817334 18.165825 10.833667Q18.083717 10.85 18 10.85Q17.916283 10.85 17.834171 10.833667Q17.752062 10.817334 17.674717 10.785296Q17.597372 10.75326 17.527763 10.706748Q17.458157 10.660237 17.398958 10.60104Q17.33976 10.541842 17.293249 10.472234Q17.246738 10.402625 17.214701 10.32528Q17.182663 10.247935 17.166332 10.165827Q17.149998 10.083717 17.15 10Q17.15 7.038372 15.055814 4.9441862Q12.961627 2.8499999 10 2.849999Q7.038373 2.8499994 4.9441862 4.9441862Q2.8499999 7.038373 2.849999 10Q2.8499994 12.961627 4.9441862 15.055814Q7.038372 17.15 10 17.15Q12.961628 17.15 15.055814 15.055814Q17.15 12.961628 17.15 10Q17.149998 9.9162817 17.16633 9.8341722Q17.182663 9.7520628 17.214701 9.6747179Q17.246738 9.597373 17.293251 9.5277643Q17.33976 9.4581556 17.398958 9.3989582Q17.458157 9.3397608 17.527763 9.2932501Q17.597372 9.2467384 17.674717 9.2147017Q17.752062 9.1826649 17.834171 9.1663322Q17.916283 9.1499996 18 9.1499996Q18.083717 9.1499996 18.165825 9.1663322Q18.247934 9.1826639 18.325279 9.2147007Q18.402622 9.2467384 18.472233 9.2932491Q18.541842 9.3397608 18.60104 9.3989582Q18.660236 9.4581556 18.706747 9.5277643Q18.753258 9.597373 18.785295 9.6747179Q18.817333 9.7520628 18.833668 9.8341722Q18.849998 9.9162817 18.85 10Z"/></svg>
